280,71.6,27.8,83.68,Gentoo
238,62.6,20.3,62.67,Gentoo
182,30.5,16.7,41.42,Gentoo
245,49.3,18.1,68.11,Adelie
172,23.3,18.3,42.41,Gentoo
192,35.4,16.8,44.57,Gentoo
215,35.4,22.8,48.28,Gentoo
161,24.4,19.2,39.45,Gentoo
196,31.5,13.9,34.92,Adelie
209,26.6,17.4,47.66,Gentoo
228,32.4,22.9,65.02,Gentoo
200,32,22.1,39.12,Gentoo
233,47,19.8,56.23,Gentoo
186,39.5,22.2,53.11,Adelie
175,24.6,19.7,39.84,Adelie
206,43,19.2,44.66,Gentoo
219,29.2,21,45.41,Gentoo
264,57.3,25.3,77.67,Gentoo
170,21.4,16.3,38.81,Adelie
243,50.3,18.1,40.20,Adelie
251,80.9,25.3,82.83,Gentoo
201,17,19.8,50.32,Chinstrap
186,33.9,17.5,35.39,Gentoo
226,44.8,20.9,42.51,Gentoo
194,35.4,13.9,32.68,Adelie
218,29.7,19.9,42.02,Gentoo
198,46.5,15.1,45.67,Gentoo
187,32.4,15.5,36.32,Adelie
208,45.5,20.2,50.44,Gentoo
183,30.3,19,31.67,Gentoo
201,28.3,18.9,44.04,Gentoo
218,30.9,21.9,64.84,Gentoo
188,20.9,15.2,32.47,Adelie
188,35.3,17.7,43.36,Chinstrap
240,43.7,19.7,61.44,Chinstrap
182,37.7,13.1,34.90,Adelie
245,52.9,19.6,70.75,Gentoo
201,32.8,16.1,43.11,Chinstrap
198,27.1,17.8,38.29,Gentoo
201,38.7,20.9,48.84,Adelie
243,63.4,19.2,66.51,Gentoo
207,31.4,17.1,43.00,Adelie
165,37.4,15,34.02,Adelie
215,37.2,21.5,48.94,Gentoo
180,28.4,16.7,50.28,Adelie
182,33.9,18.7,34.99,Gentoo
217,40.3,20.2,45.08,Adelie
223,38.6,18.5,53.34,Gentoo
193,26.7,12.8,34.28,Adelie
227,51.7,16.5,49.70,Gentoo
200,22.3,17.8,40.91,Chinstrap
246,55.9,22.1,54.66,Gentoo
209,29.8,17.8,46.47,Gentoo
191,33.5,18,50.60,Adelie
247,66.8,20.8,75.98,Gentoo
204,28.4,19.1,37.41,Adelie
173,19.1,13.6,29.51,Adelie
180,28.3,19.5,37.66,Chinstrap
212,61.3,18.3,56.74,Gentoo
228,46.6,19.1,56.67,Adelie
179,29.2,20.7,31.80,Chinstrap
191,35.4,20.7,48.53,Gentoo
199,20.2,17.1,40.84,Chinstrap
200,56.2,16.2,52.70,Chinstrap
185,41.3,22.7,44.37,Gentoo
194,33.9,19,32.76,Adelie
183,26.7,17.3,40.60,Chinstrap
193,28.4,19.3,47.89,Adelie
168,33.8,16.6,31.94,Adelie
235,34.5,21.5,50.26,Chinstrap
253,52.5,22.3,76.91,Gentoo
171,35.1,14.7,31.10,Adelie
195,32.2,15.2,36.79,Adelie
222,38.8,20.7,48.11,Gentoo
163,26.9,20.7,35.45,Adelie
248,58.4,20,65.79,Adelie
180,34,16.3,33.61,Chinstrap
169,30.3,15.9,27.60,Adelie
198,40.7,18.1,50.49,Adelie
203,34.2,18.9,58.94,Gentoo
179,26.9,15.9,37.02,Adelie
241,51.9,17.3,52.83,Adelie
215,19.1,22.4,48.02,Chinstrap
189,26.6,17.9,43.23,Adelie
266,65.7,19.8,88.18,Gentoo
207,34.6,16.4,45.65,Adelie
169,24.4,14.4,32.52,Adelie
194,27.5,20.1,46.56,Adelie
163,33.5,16,32.66,Gentoo
206,32.5,24,47.69,Gentoo
214,41.2,18.2,43.12,Gentoo
188,40,17.5,43.90,Gentoo
194,36.4,16.8,40.45,Gentoo
224,49.2,16.6,51.26,Adelie
229,43.6,21.6,60.18,Gentoo
232,56.9,18.2,56.83,Adelie
223,49.2,15.6,49.95,Adelie
222,41,18.9,50.37,Chinstrap
249,72.3,20,67.06,Gentoo
263,49.6,24.4,72.93,Adelie
181,23,17.4,35.55,Adelie
193,52.8,20.3,58.24,Gentoo
202,41.1,15.9,42.70,Adelie
166,32.7,17.8,46.03,Adelie
239,31.8,20.9,35.58,Gentoo
186,28.3,18.4,41.25,Adelie
208,34.5,16,58.13,Adelie
250,59.1,21.5,54.93,Gentoo
179,36.2,17.5,50.48,Chinstrap
165,19.5,15.3,40.26,Adelie
238,61.7,20.4,57.96,Adelie
226,30.2,22.7,51.28,Adelie
237,51,18.8,67.88,Gentoo
208,44.1,17.2,35.88,Chinstrap
218,57.1,20.8,63.99,Gentoo
189,27.2,19.4,46.72,Adelie
208,31,18.7,48.14,Gentoo
195,33.2,18.1,36.08,Gentoo
196,35.7,16.2,58.69,Chinstrap
230,52.1,24.2,59.69,Adelie
162,38.2,12.3,29.97,Adelie
229,29.7,19.3,64.70,Chinstrap
185,30.7,21.8,37.84,Gentoo
188,28.8,19.3,52.47,Chinstrap
166,31.9,14.5,37.32,Chinstrap
189,34.8,15.7,35.24,Chinstrap
189,25.3,19.5,43.84,Chinstrap
172,28.4,17.7,39.23,Adelie
176,25.1,20.1,37.13,Gentoo
222,37.5,22.4,48.58,Gentoo
177,26.2,15.5,40.28,Adelie
202,30.4,18.7,42.95,Chinstrap
208,56.9,18.9,57.49,Gentoo
188,20.4,14.9,36.72,Adelie
236,50.7,17.7,48.06,Adelie
278,49.3,16.9,67.77,Adelie
279,63.1,20.7,71.21,Adelie
193,26.4,21.5,39.66,Adelie
203,28.3,17.7,34.83,Adelie
196,25.7,16.1,48.70,Adelie
257,66.4,18.1,51.46,Adelie
225,51.6,21.1,66.14,Gentoo
167,36.2,17,28.06,Adelie
167,35.6,17.6,38.27,Gentoo
215,44.2,18.3,48.92,Chinstrap
201,52.9,18.9,49.31,Gentoo
203,29.9,19.8,42.96,Adelie
166,28.2,15.3,32.84,Adelie
247,54.4,23.7,79.73,Gentoo
194,27.7,14.5,44.49,Gentoo
264,69.9,19.4,57.74,Adelie
222,42,19.1,57.98,Gentoo
230,38.7,20.9,60.95,Adelie
194,54.3,12.1,37.53,Gentoo
204,21.4,18.1,55.73,Adelie
188,31.6,15.1,38.70,Adelie
229,45.2,14.2,45.28,Adelie
201,28.3,14,44.35,Adelie
161,22.5,17,38.57,Adelie
188,23.7,17.7,27.65,Adelie
234,36.3,20.8,55.10,Gentoo
274,82.3,18.9,84.64,Gentoo
219,33.1,17.5,38.62,Gentoo
192,33,16.8,42.51,Gentoo
188,35.2,17.8,35.52,Adelie
196,24.6,19.9,42.72,Adelie
219,33.5,20.5,73.16,Gentoo
216,40.6,18.2,44.12,Chinstrap
201,46.3,17.2,49.08,Adelie
184,31.9,15.3,36.17,Chinstrap
194,28.4,17.2,56.44,Chinstrap
211,35.8,20.3,52.45,Adelie
176,31.4,16.6,44.60,Gentoo
215,47.6,20.7,50.95,Adelie
235,62.3,14.8,56.95,Adelie
195,27.3,18.2,44.19,Adelie
177,29.8,17.5,29.53,Chinstrap
229,54.7,17.8,58.98,Adelie
217,31.3,17,41.45,Gentoo
189,28.4,15.8,48.08,Adelie
236,54.3,22,64.31,Chinstrap
235,48.3,20.1,59.50,Gentoo
170,18.8,19.1,43.29,Adelie
236,20.9,20,45.38,Adelie
194,30.5,17.4,37.59,Adelie
199,34.1,19.9,40.81,Chinstrap
206,27.9,18.4,42.42,Adelie
231,66.9,19.5,66.94,Adelie
232,31.7,19.3,64.39,Gentoo
192,33,18.9,35.48,Gentoo
194,41,17.8,42.41,Gentoo
221,38.6,19.8,57.27,Chinstrap
211,39.5,21.4,61.85,Chinstrap
227,31.2,17.7,40.85,Adelie
184,31.1,13.8,35.41,Adelie
181,34.6,17.5,35.96,Adelie
202,37.8,21.4,55.64,Gentoo
225,23.9,22.6,52.21,Adelie
196,31.8,17.3,33.22,Adelie
181,34.8,19,45.01,Gentoo
196,30.8,18.9,43.79,Chinstrap
213,47.3,19.1,49.19,Adelie
225,43.8,22.9,63.68,Chinstrap
193,32.8,14.6,36.53,Adelie
180,26.2,19.8,38.33,Adelie
206,36.3,20.7,38.05,Gentoo
177,25.3,19.8,37.53,Adelie
174,21.8,18.2,30.30,Chinstrap
188,39.9,12,38.14,Adelie
199,21.1,17.4,46.78,Adelie
221,38,15.6,62.62,Adelie
204,37.6,19.6,30.91,Gentoo
235,40.2,20.8,62.46,Chinstrap
164,43.8,17.6,37.48,Gentoo
228,27.3,20,48.12,Chinstrap
201,31.9,19.9,48.69,Adelie
199,35.2,20.2,44.04,Gentoo
223,63.1,18.3,70.90,Gentoo
188,34.1,13.5,36.40,Gentoo
201,27.4,16.5,39.73,Chinstrap
232,31.9,17.3,45.36,Chinstrap
178,27.3,15.6,38.71,Adelie
250,61.7,25.3,62.47,Gentoo
190,36.6,16.9,35.49,Chinstrap
180,28.8,16,48.27,Gentoo
187,40.3,11.9,41.34,Chinstrap
198,35.6,18.4,55.30,Gentoo
205,26.2,19.2,49.23,Adelie
190,31.3,15.9,47.94,Adelie
185,40,14.3,37.05,Gentoo
208,18,14.4,38.01,Adelie
205,41,19.1,45.99,Gentoo
208,43.4,19.7,41.17,Gentoo
237,55.2,20,66.87,Gentoo
200,40.9,18.1,37.74,Chinstrap
233,69.4,22,67.04,Gentoo
204,32.2,18.9,47.40,Adelie
187,26.7,16.6,35.70,Chinstrap
172,30,13.6,28.93,Chinstrap
205,48.3,15.1,59.19,Gentoo
225,33.8,21.4,54.80,Gentoo
198,52.4,18.2,72.31,Gentoo
221,46.2,17.4,69.18,Gentoo
158,29.2,19.5,39.87,Chinstrap
204,21.8,17.8,38.45,Adelie
219,29,20.5,61.10,Gentoo
242,62.5,19.8,81.28,Adelie
207,24,16.6,40.29,Adelie
220,53.7,19.7,56.76,Adelie
188,29,18.4,39.12,Chinstrap
205,26.6,19.6,41.98,Gentoo
179,18.2,17.4,35.25,Adelie
215,27.4,25.1,49.77,Adelie
236,49.3,22.5,50.80,Chinstrap
268,85.3,25.6,89.38,Gentoo
257,58,21,61.35,Gentoo
235,56.9,22.5,66.30,Adelie
210,52,18.3,46.87,Chinstrap
175,19.5,17.8,38.40,Chinstrap
221,53.4,23.4,76.63,Chinstrap
220,45.9,19,65.07,Adelie
212,23.2,21.3,42.64,Adelie
193,25.6,13.7,34.96,Adelie
187,23.6,14.7,41.57,Chinstrap
189,28.4,23.3,49.72,Adelie
254,46.1,18.8,61.31,Adelie
182,32.6,15.5,43.99,Gentoo
157,32,13.1,26.78,Adelie
217,34.1,16.4,42.46,Gentoo
213,47,15.8,60.50,Adelie
265,39.6,21.7,72.30,Gentoo
169,38.9,14.6,36.68,Adelie
224,52.7,18.5,58.68,Gentoo
197,25.7,17.9,29.44,Adelie
204,25.1,17.9,44.05,Adelie
218,27.2,16.9,44.57,Adelie
185,25.5,15.7,43.46,Adelie
225,50.3,20.3,54.75,Adelie
192,35.4,18,56.63,Gentoo
210,23.5,17.3,36.10,Adelie
186,48.5,17.3,50.65,Adelie
227,50.6,19,67.29,Adelie
201,58.5,17.8,55.56,Gentoo
202,30.3,18.4,50.50,Gentoo
211,29.1,24.1,65.36,Gentoo
205,36.7,19.8,59.92,Adelie
167,37.7,18.3,38.34,Adelie
174,22.8,13.2,33.84,Adelie
230,28,17.6,56.38,Gentoo
167,24.7,16.3,42.51,Chinstrap
200,23.1,17.9,53.75,Chinstrap
228,50,20.7,58.35,Adelie
174,35.8,14.2,30.05,Adelie
157,26.6,17,38.70,Adelie
198,37.6,19.6,41.15,Adelie
184,39.2,18.5,40.68,Adelie
215,25.9,15.4,44.33,Adelie
200,32.5,19.8,51.06,Gentoo
185,25.1,15.5,41.16,Chinstrap
218,31.8,19.7,49.46,Gentoo
192,42.6,20.2,43.42,Gentoo
182,29.6,18.8,36.36,Gentoo
196,22.5,17,42.13,Chinstrap
235,34.7,22,51.45,Chinstrap
212,43.4,18.8,51.83,Gentoo
175,38.5,16,38.15,Gentoo
224,65.9,19.5,51.76,Gentoo
189,45.1,19,39.35,Gentoo
174,31.7,13.5,30.28,Chinstrap
217,36.3,21.6,49.17,Gentoo
179,43.6,20.9,41.06,Gentoo
175,32.9,14.7,27.65,Adelie
202,37.4,17.7,47.14,Adelie
164,31.2,14.5,37.17,Chinstrap
204,26,20.6,45.03,Adelie
201,31.3,18.3,52.89,Adelie
176,27.1,16.1,33.06,Adelie
274,74.2,23,76.55,Gentoo
192,35.3,24.5,42.19,Adelie
222,50.7,18.9,61.02,Adelie
219,46.6,18.4,47.73,Gentoo
158,31.4,13.7,41.24,Adelie
193,30.7,20,42.23,Chinstrap
177,33.7,13.6,30.35,Adelie
163,26.2,14.7,30.86,Adelie
189,34.8,14,29.24,Adelie
211,36.1,14.5,34.79,Adelie
196,34.2,22.2,51.24,Chinstrap
173,27.9,13.1,32.31,Adelie
251,51,18,64.96,Gentoo
195,24.2,18.4,45.01,Adelie
183,29.9,14.9,51.48,Adelie
194,41.4,20.4,40.23,Gentoo
200,22.3,21,51.82,Chinstrap
196,26.3,15.1,33.95,Adelie
246,58.5,19.6,68.04,Chinstrap
168,35.9,13.9,31.48,Adelie
218,35.9,20,63.05,Adelie
221,65.1,18.5,46.95,Gentoo
260,59.7,24.8,79.94,Gentoo
205,29.5,23.3,41.52,Gentoo
198,24.4,18,45.06,Adelie
219,28.6,19.9,53.64,Gentoo
209,37,22.6,55.19,Gentoo
181,25,17.2,50.27,Adelie
240,42.1,20.2,61.57,Adelie
181,33.6,14.9,42.66,Adelie
162,33.9,16,40.00,Gentoo
211,32.1,18.1,43.52,Gentoo
218,31.1,16.7,39.15,Adelie
184,38.2,19.4,41.38,Gentoo
197,28.1,20.2,38.43,Chinstrap
219,21.1,23.3,46.49,Adelie
247,63.8,19.8,63.42,Gentoo
226,29.5,20.6,62.66,Chinstrap
248,42.2,20,70.68,Gentoo
184,31.2,18,36.61,Adelie
241,59.3,19.1,58.65,Chinstrap
203,33.4,17.3,43.20,Gentoo
274,74.6,25.2,10.425,Gentoo
200,35.7,18.6,44.86,Chinstrap
185,44.1,16.3,53.73,Adelie
209,30.4,13.2,39.89,Chinstrap
233,37.6,21.8,55.41,Adelie
197,42.5,20,37.58,Gentoo
212,51.6,12.5,49.76,Adelie
178,30.3,19.6,44.87,Chinstrap
244,46.6,20.8,57.84,Gentoo
183,25.1,20.6,51.55,Gentoo
179,41.3,16.9,34.06,Gentoo
180,40.4,15.7,40.08,Gentoo
202,37,17.4,43.32,Gentoo
220,60.4,19.3,55.38,Gentoo
244,65.9,16.9,70.92,Gentoo
197,28,19.5,48.96,Adelie
231,35.8,20.9,55.49,Gentoo
222,32.7,17.3,48.32,Chinstrap
210,32.7,17.7,47.47,Chinstrap
213,28,21.1,43.14,Adelie
205,49.7,19.7,58.05,Gentoo
262,65.1,17.8,68.45,Adelie
206,28.7,17.4,46.33,Adelie
217,30.3,24.6,66.37,Gentoo
198,36,17.9,51.99,Adelie
235,46.9,20.4,54.45,Gentoo
203,31.4,23.7,50.25,Adelie
266,63.8,19.9,75.23,Gentoo
193,42.7,18.6,32.42,Gentoo
226,58.8,23.4,67.62,Gentoo
204,29,22.9,46.97,Chinstrap
273,55,23.1,80.58,Gentoo
207,48.1,17.6,51.55,Adelie
218,43.8,20.6,53.56,Gentoo
166,28,15.6,30.08,Adelie
199,31.6,17.1,35.81,Gentoo
189,41.4,19.1,43.89,Gentoo
202,37,15.6,54.04,Gentoo
198,41.6,14.8,38.86,Chinstrap
202,40.6,17.6,53.24,Adelie
257,57.7,21.7,50.01,Gentoo
245,54.5,25.2,68.72,Gentoo
190,36.2,16.1,38.79,Gentoo
230,30.6,20.2,55.37,Adelie
184,23.1,18.3,39.90,Adelie
258,72,19.9,66.61,Gentoo
185,32.2,13.1,41.42,Adelie
185,28.1,20.9,44.79,Gentoo
180,34.8,21,39.67,Chinstrap
168,31.9,15.6,30.88,Gentoo
202,64.9,18.4,57.20,Gentoo
165,23.5,19.1,38.38,Adelie
223,59.5,20.3,63.69,Gentoo
290,71.1,16.4,77.25,Gentoo
188,26.6,17.9,38.29,Chinstrap
183,39.6,16.5,35.77,Adelie
239,67.8,18.1,75.09,Adelie
202,36,16.4,30.62,Chinstrap
175,34.4,14.6,30.91,Adelie
178,29.5,13.7,36.75,Adelie
195,45.1,15.7,35.91,Gentoo
172,22.2,15.6,39.35,Adelie
167,27,19.5,47.34,Adelie
245,54.6,19.7,73.69,Adelie
188,30.8,17.7,33.51,Chinstrap
283,48.8,20.1,60.16,Adelie
209,28.2,19.3,57.85,Gentoo
168,30.9,10.9,34.70,Chinstrap
282,61.3,18.3,72.05,Adelie
232,43.5,17.1,63.67,Adelie
241,46.6,20.3,71.29,Gentoo
205,28.6,19.6,49.04,Gentoo
181,30,14.2,40.72,Gentoo
236,29.2,19.6,43.45,Adelie
228,46.7,16.8,53.68,Adelie
284,56.7,23.5,80.66,Gentoo
194,27.7,18.1,47.25,Adelie
201,45.1,21.1,63.57,Gentoo
196,19.1,17.7,42.64,Adelie
184,32.3,21.2,50.20,Chinstrap
228,46.8,17.6,59.99,Adelie
222,72.8,20.1,64.72,Gentoo
197,51.4,23,67.93,Gentoo
210,42.3,16.2,39.90,Gentoo
175,25.6,18.3,32.59,Adelie
244,71.2,16.2,61.46,Adelie
205,28.2,21.9,53.18,Chinstrap
181,30.6,18.1,33.70,Chinstrap
188,24.6,17.4,40.17,Chinstrap
229,26.7,17.7,41.03,Adelie
188,22.4,19.7,45.68,Adelie
194,33.1,17.6,40.19,Adelie
179,21.1,17.5,38.70,Adelie
209,23.4,17.7,42.63,Adelie
184,31.2,19.3,41.42,Gentoo
197,30.7,16.7,46.82,Adelie
244,67.4,20.8,10.549,Gentoo
172,31.8,18.4,37.13,Adelie
168,33,16.1,30.10,Adelie
190,24.1,16.5,37.25,Adelie
209,30.2,18.7,57.28,Gentoo
244,51.1,19.1,63.84,Adelie
204,42.8,18.6,45.63,Gentoo
230,34,17.9,57.97,Chinstrap
174,23.2,18.1,37.35,Chinstrap
216,50.9,18.7,56.50,Gentoo
195,31,16.9,37.65,Chinstrap
242,55,17.8,44.67,Adelie
188,23.1,15.6,42.72,Adelie
188,33.2,15.3,37.66,Gentoo
212,37.6,17.8,48.77,Adelie
208,43.6,18.6,68.96,Adelie
240,43.3,18.8,58.43,Adelie
230,45.5,19.3,59.71,Adelie
257,56.1,24.2,84.70,Gentoo
252,66.9,20.7,54.96,Adelie
170,25.3,16.9,38.58,Adelie
218,25.9,20.2,49.55,Adelie
196,25.4,13.9,53.51,Adelie
162,25.7,17.9,31.66,Adelie
217,45.8,17.8,53.85,Chinstrap
162,22.4,16.1,33.29,Chinstrap
222,37.5,22.4,49.86,Adelie
221,37.3,21.1,48.67,Gentoo
213,46.6,19.1,56.26,Adelie
179,30.8,17.2,34.13,Adelie
168,32.4,16.9,29.67,Chinstrap
216,28.2,22.7,53.59,Gentoo
229,36.5,16.6,49.51,Adelie
169,24,14.9,43.34,Adelie
216,35.6,16.3,46.74,Adelie
197,32.6,22.8,54.80,Adelie
166,25.6,17.3,42.86,Chinstrap
182,36,19.3,48.38,Gentoo
179,33.1,17.2,38.22,Adelie
264,61.9,20.2,94.04,Gentoo
180,29.7,16.8,37.57,Adelie
206,51.9,18.8,44.55,Gentoo
276,63,17.5,74.92,Chinstrap
211,38.8,19.3,44.45,Chinstrap
222,47.2,23.6,60.12,Gentoo
255,64.5,20.1,69.94,Gentoo
215,25,15.6,49.10,Adelie
170,27.5,16.7,45.26,Chinstrap
197,53.5,17.2,43.86,Adelie
163,30,17.5,42.51,Chinstrap
208,38.4,21.7,53.20,Adelie
186,25.9,17.8,35.11,Adelie
175,19.9,16.6,39.10,Chinstrap
221,53.4,16.1,62.48,Adelie
182,33.7,19.2,34.84,Gentoo
190,25.6,20,42.94,Adelie
198,33.6,19.3,41.76,Gentoo
226,59.3,20.6,66.92,Gentoo
173,27.6,18.7,41.94,Chinstrap
197,45.5,16.6,46.29,Adelie
218,34.1,20.1,45.28,Chinstrap
195,36,24.5,54.48,Chinstrap
188,40.7,15.7,40.49,Chinstrap
193,44.7,17.1,45.30,Gentoo
182,32.5,16.7,38.36,Chinstrap
235,53.1,17,51.76,Adelie
218,42.7,20,48.66,Adelie
251,70.7,22.4,60.72,Gentoo
236,27,19.4,52.05,Chinstrap
248,31.1,23,59.83,Gentoo
184,35.5,15.3,36.78,Adelie
198,37.5,17.5,43.84,Gentoo
179,26.1,14.4,43.52,Chinstrap
174,32.7,16.4,28.80,Chinstrap
193,33.6,19.3,48.70,Gentoo
178,23.9,15.7,34.93,Adelie
197,36,18.9,47.97,Gentoo
186,47.3,20,47.12,Adelie
208,45.1,14.6,62.16,Adelie
196,32.6,22.8,55.37,Chinstrap
209,36.4,15.1,38.61,Chinstrap
185,32.5,19.7,36.94,Chinstrap
199,42.3,19.1,41.02,Gentoo
208,34.5,18.2,49.10,Adelie
186,24,14.4,42.93,Adelie
206,32.1,18.3,42.36,Gentoo
221,38.6,25.9,57.97,Gentoo
191,26.9,19.9,51.67,Adelie
219,45.4,20.1,54.29,Gentoo
243,72.5,21.1,56.59,Adelie
203,21.7,18.4,37.27,Chinstrap
234,61.5,19.4,56.94,Gentoo
164,32.9,13.3,28.92,Chinstrap
220,21.1,19.9,39.44,Gentoo
175,30.3,13.7,33.12,Chinstrap
211,57.2,23.4,64.39,Gentoo
208,39.6,19.8,36.53,Gentoo
216,39,19.9,74.71,Gentoo
222,29.5,19.8,45.65,Gentoo
224,33.7,16.7,41.68,Chinstrap
188,37.9,18.3,36.44,Gentoo
209,44.1,17.2,53.44,Adelie
195,32.4,19.2,52.43,Chinstrap
222,25.5,17.4,39.86,Adelie
186,36,18.7,52.25,Adelie
204,32.9,14.9,40.75,Adelie
245,45.2,21.2,61.12,Gentoo
248,68.3,19.6,67.55,Gentoo
223,27.6,23,69.49,Gentoo
189,19.7,18.1,40.47,Adelie
220,53.6,18.9,52.93,Gentoo
168,21.7,16.9,30.17,Adelie
171,24.9,21.8,36.99,Gentoo
281,70.5,19.3,63.49,Gentoo
206,56.7,17,40.30,Adelie
191,26.4,21.1,45.52,Chinstrap
268,41.7,16.1,58.97,Adelie
242,55.4,19.4,72.59,Gentoo
225,65.4,21.8,61.83,Gentoo
186,34.4,20.7,41.67,Gentoo
213,46.2,16.9,58.47,Adelie
213,29.4,16.2,48.70,Adelie
183,28.2,20.5,45.31,Chinstrap
184,37.1,18.9,29.91,Adelie
248,46.9,19.6,70.41,Gentoo
239,31,18.8,61.98,Chinstrap
233,58.6,19,80.25,Gentoo
191,36.1,17.5,40.06,Gentoo
186,37.3,18.4,30.23,Adelie
185,44.6,16.5,34.11,Adelie
193,20.4,17.3,41.59,Chinstrap
154,26.4,17.9,28.72,Adelie
208,57.8,19,58.23,Gentoo
276,86.8,23.4,90.60,Gentoo
232,59.3,22.3,55.52,Gentoo
202,42.2,20,46.54,Adelie
244,30.4,20.6,48.00,Gentoo
283,81,24.5,68.74,Gentoo
207,35.7,15.8,36.28,Adelie
202,29.7,20.8,43.30,Chinstrap
239,31.9,19.2,56.77,Gentoo
181,27.1,19.7,34.74,Chinstrap
197,23.4,18.9,36.34,Adelie
259,53.9,20.9,47.91,Gentoo
259,60.3,19.9,73.50,Gentoo
184,31.1,15.8,29.00,Chinstrap
248,46.8,24.8,74.00,Gentoo
181,23.7,14.3,43.78,Adelie
222,49.5,19.5,60.59,Gentoo
203,29.3,17.2,38.84,Gentoo
179,30.8,23.1,34.03,Chinstrap
176,28.3,19.8,48.60,Gentoo
178,26.9,19.6,38.73,Adelie
198,23.2,15.9,40.41,Adelie
169,31.1,18.7,29.27,Adelie
239,40.5,21.5,58.83,Gentoo
241,52.4,19.7,43.72,Adelie
224,51.5,16.6,57.73,Adelie
181,30.1,12.7,30.81,Adelie
171,26.5,12.4,37.36,Adelie
188,38.6,17.3,36.32,Chinstrap
225,53.7,20.7,63.50,Adelie
201,35.7,18.1,49.94,Chinstrap
185,33,15.1,47.89,Gentoo
231,61.4,22,64.12,Gentoo
202,41.6,19.7,34.12,Gentoo
266,58.3,19.4,66.48,Adelie
204,22.7,15.6,35.05,Gentoo
192,40.8,17.1,41.38,Chinstrap
268,56.4,26,71.69,Gentoo
189,34,14.9,32.84,Adelie
222,27.7,20.4,56.02,Chinstrap
190,47.2,18.3,62.16,Adelie
162,21.5,17.1,39.47,Chinstrap
243,62.2,20.3,64.10,Gentoo
202,39.6,18.1,35.99,Adelie
178,35.5,20.3,43.61,Gentoo
164,39,19.6,36.06,Gentoo
276,67.5,23.2,62.14,Gentoo
157,35.4,16.9,39.86,Chinstrap
244,65.3,20.9,69.43,Adelie
244,51.1,18.8,71.47,Gentoo
199,30.9,13.7,49.01,Adelie
208,37.3,16.9,38.40,Adelie
179,20.5,19.5,42.70,Adelie
168,30.4,17.5,44.73,Gentoo
189,41.1,16,35.43,Adelie
180,40.6,17.6,32.69,Gentoo
191,38.4,17.7,39.06,Chinstrap
178,29.8,21.2,43.07,Gentoo
187,39,19.2,34.49,Adelie
231,32.9,20.2,54.31,Adelie
175,24.6,16.6,34.15,Adelie
186,29.8,22.8,49.99,Adelie
208,25.3,17.7,52.70,Adelie
237,38.9,16,68.17,Gentoo
197,25.5,16.1,34.71,Adelie
220,34,18.3,37.27,Chinstrap
179,33.7,17.1,39.26,Adelie
207,44.4,22.6,71.35,Chinstrap
209,29.3,18.4,39.51,Chinstrap
202,53.8,19,42.18,Gentoo
204,27.4,15.6,56.80,Gentoo
228,60.3,22.1,56.45,Chinstrap
198,21.4,25.6,52.26,Chinstrap
243,48.3,18.4,68.88,Gentoo
244,56.2,23.2,68.34,Gentoo
196,39.3,15.4,40.94,Gentoo
185,35.3,9.8,37.15,Adelie
163,30.4,14.3,32.06,Adelie
161,26.4,14.9,28.57,Adelie
204,35.6,17.5,45.20,Gentoo
196,27.1,19.3,49.48,Chinstrap
169,35.1,15.6,30.69,Gentoo
224,41.8,18.4,51.71,Adelie
186,34.2,17.8,38.13,Adelie
202,30,21.5,60.81,Gentoo
244,58.9,19.4,67.77,Gentoo
221,46.6,19.4,51.79,Chinstrap
218,43.3,15.5,39.90,Gentoo
269,51.8,25.8,86.73,Chinstrap
231,43.6,24.2,62.03,Gentoo
270,68.3,19.6,76.52,Chinstrap
204,45.6,20.5,38.85,Gentoo
274,54.4,22.4,59.62,Gentoo
226,39.4,18,48.64,Adelie
207,57.7,20.9,57.60,Adelie
220,35.7,19.5,46.66,Chinstrap
195,43.5,19.6,36.75,Gentoo
170,19.1,19.5,30.38,Adelie
174,29.1,15.4,33.60,Chinstrap
191,35,17,34.25,Adelie
214,44.3,17.9,55.03,Chinstrap
202,28.3,16.3,40.91,Adelie
191,30.6,19.5,55.96,Gentoo
245,58.9,22.3,73.14,Gentoo
190,42.7,21.1,43.03,Gentoo
205,31.6,18.6,54.67,Adelie
198,18.6,17.2,45.69,Adelie
195,28,17.8,42.67,Adelie
256,62.8,20.7,70.05,Gentoo
241,56.7,20.4,64.33,Gentoo
168,27.3,20.3,35.81,Chinstrap
191,22.3,19.7,45.76,Adelie
202,29.7,19.2,49.90,Chinstrap
168,29.1,16.3,27.89,Adelie
241,58.3,20.6,68.46,Adelie
170,29.1,13.5,30.04,Adelie
250,50.4,16.5,56.52,Adelie
226,54.8,17.2,60.03,Adelie
207,25.3,19.2,54.80,Chinstrap
194,38.5,12.7,35.80,Adelie
171,31.3,18.2,42.64,Adelie
221,31,19.3,45.89,Adelie
260,59.2,19,10.415,Gentoo
187,30.9,15.7,41.20,Adelie
198,33,23.8,51.97,Gentoo
195,40,15.9,52.54,Adelie
236,52.1,19.4,58.89,Adelie
216,28.4,24.5,54.37,Chinstrap
159,20.8,14.8,27.31,Adelie
184,19.5,20.5,42.06,Adelie
180,33.7,13.6,39.75,Adelie
198,35.6,20.9,56.32,Gentoo
238,30.3,20.6,49.15,Gentoo
240,64.7,17.4,58.19,Adelie
170,38.4,18.5,37.77,Adelie
231,46.9,22.7,59.16,Adelie
199,26.1,19.7,35.64,Gentoo
228,51.6,16.8,59.95,Gentoo
202,45.9,17.6,43.66,Adelie
178,28.6,17,45.64,Adelie
234,37.1,20.8,62.86,Adelie
219,21.6,20.1,51.16,Gentoo
174,39.8,18.5,33.61,Gentoo
180,32.1,16.5,37.94,Adelie
165,36.9,12.2,28.57,Adelie
225,38.6,14.3,49.15,Adelie
186,28.6,16.2,51.04,Gentoo
185,23.8,17.4,44.94,Adelie
215,33.8,19.1,52.64,Adelie
179,38.2,18,37.42,Gentoo
256,54.5,16.4,64.91,Gentoo
262,41.8,21.2,59.32,Gentoo
187,30.7,15.7,37.60,Adelie
180,30,15.5,31.09,Chinstrap
225,28.5,20,47.05,Chinstrap
177,25.7,16.5,39.11,Adelie
259,59.4,25.3,72.61,Gentoo
217,28.8,18.3,43.73,Chinstrap
169,30.1,14.8,29.21,Adelie
175,30.8,21.5,46.76,Adelie
278,62.4,24.8,76.55,Gentoo
274,62.3,25.5,77.54,Gentoo
200,26.5,19.2,46.97,Adelie
254,64.6,20,72.85,Gentoo
198,21.4,18,39.22,Gentoo
244,55.5,23.7,51.30,Adelie
188,32.9,13.9,47.50,Adelie
175,32.8,21.9,38.54,Adelie
192,25,18.8,35.06,Adelie
195,37.2,20.8,36.03,Adelie
190,41.8,12.5,32.76,Adelie
269,62.1,20.3,71.21,Chinstrap
162,36.5,14.3,30.88,Gentoo
215,34.6,21.3,55.13,Gentoo
220,30.6,22.7,47.25,Chinstrap
199,29.1,19.6,48.55,Chinstrap
207,20.8,15.9,49.34,Adelie
198,26,21,49.99,Gentoo
176,20.3,21.1,43.44,Chinstrap
207,28.3,20.5,45.34,Gentoo
238,63.6,19.8,63.68,Gentoo
214,35.8,17.3,42.97,Gentoo
203,23.2,18.9,49.81,Chinstrap
203,31.6,17.1,49.60,Adelie
216,31.7,24.6,48.21,Adelie
248,59.4,19,64.50,Adelie
299,75.6,20.5,91.04,Gentoo
212,21.1,16.3,48.59,Adelie
205,27.2,17.3,53.43,Chinstrap
218,49.3,21.8,61.82,Gentoo
221,39,18.2,48.84,Adelie
231,31.7,18,43.58,Adelie
184,27.6,15.5,39.48,Adelie
195,31.4,16.1,40.74,Adelie
247,61.7,18.5,65.95,Gentoo
182,27.8,21.1,45.86,Chinstrap
223,46.4,21.9,51.35,Adelie
217,25.7,20.6,55.42,Chinstrap
156,34.4,14.7,26.89,Adelie
188,28.2,13.6,34.44,Adelie
188,27.9,17.9,35.79,Chinstrap
200,29.6,17.5,39.88,Chinstrap
248,60.8,15.3,60.39,Adelie
270,60.4,18.3,65.26,Gentoo
172,28.8,13.8,29.66,Adelie
208,38.3,17.5,41.78,Gentoo
220,51.8,18.3,49.43,Gentoo
199,38.5,17,35.50,Adelie
165,35.5,17.3,39.90,Chinstrap
207,34.4,23.3,49.29,Adelie
195,34.7,15.7,42.89,Adelie
187,23.2,18.8,38.46,Gentoo
174,35.8,15.6,29.77,Adelie
263,44,16.8,80.55,Gentoo
222,30.3,13.4,40.69,Chinstrap
182,29.2,20.2,47.79,Adelie
232,23.8,19.1,54.08,Adelie
219,48.3,19.5,44.89,Chinstrap
174,27.5,17,41.31,Gentoo
217,34.7,18,60.06,Adelie
181,32.9,14.9,36.47,Adelie
213,32.9,23.4,52.79,Gentoo
175,24.2,17,40.15,Adelie
172,27,13.6,32.34,Adelie
190,29.2,18.7,43.87,Adelie
217,29.4,18.9,44.01,Gentoo
197,38.5,19.3,50.44,Gentoo
186,25.1,18,39.18,Adelie
219,51.7,18.4,60.59,Adelie
254,52.6,21.9,64.63,Gentoo
195,35.2,18.3,55.02,Chinstrap
188,30.1,14.1,34.17,Adelie
207,29,18.2,50.49,Chinstrap
214,67.5,22.7,77.37,Gentoo
218,36.8,17.9,61.37,Gentoo
175,33.4,19,42.25,Adelie
205,24.8,17.5,59.40,Gentoo
183,20.8,13.8,39.27,Adelie
205,58.4,16.3,52.25,Gentoo
233,54.2,18.9,71.21,Gentoo
239,45.1,19.8,50.64,Gentoo
208,33.6,19.2,33.62,Chinstrap
256,65,19.4,59.20,Adelie
219,33.7,16.6,45.39,Adelie
205,28.7,15.6,44.79,Adelie
214,32.4,22,44.52,Adelie
214,44.2,21.6,67.30,Gentoo
242,55.5,21.3,69.87,Gentoo
206,31,19.8,45.41,Gentoo
240,48.5,23.9,66.52,Gentoo
167,19.6,16.8,33.27,Adelie
161,33.1,20,33.10,Adelie
225,57.9,18.3,58.03,Gentoo
226,35,17.6,45.41,Gentoo
176,36.1,19.1,38.56,Adelie
248,85,21.5,64.05,Gentoo
199,33.8,15.8,44.21,Adelie
236,45.3,19.9,55.94,Adelie
245,47.4,19.8,64.35,Gentoo
207,28.4,18.1,48.77,Adelie
205,24.6,18.5,46.90,Gentoo
208,32.9,22.6,59.13,Gentoo
211,38.2,18.1,43.90,Gentoo
165,21.4,15,38.49,Adelie
165,39.7,14.3,29.53,Adelie
174,32.2,13.5,29.90,Adelie
192,42.9,18.8,51.74,Gentoo
212,29,22.2,49.54,Gentoo
182,29.6,19.1,48.16,Adelie
205,40.6,21.2,65.37,Gentoo
187,27.5,14.6,43.94,Adelie
187,21.9,15.8,36.09,Adelie
232,64.1,21,61.83,Gentoo
196,35.2,15.5,47.51,Gentoo
186,28.6,15.6,39.30,Chinstrap
212,57.9,21.6,55.71,Gentoo
190,29.7,19.2,51.21,Chinstrap
180,25.2,12.2,39.87,Adelie
215,35.1,18.5,45.91,Chinstrap
250,63.4,22.3,55.85,Adelie
219,29.8,21.3,44.91,Gentoo
170,35.9,15.6,32.18,Adelie
184,23,23.1,42.52,Gentoo
253,53.4,17.4,60.93,Adelie
223,20.4,15.1,52.52,Adelie
212,51.8,21.2,52.97,Gentoo
197,18.8,18.6,41.98,Adelie
183,22.2,17.7,37.53,Chinstrap
181,22,18.8,39.83,Gentoo
214,33.3,21,46.63,Adelie
236,32.3,16.1,51.68,Gentoo
211,28.3,18.1,50.15,Gentoo
229,33.5,19.4,46.81,Gentoo
219,64.1,17.9,57.62,Chinstrap
187,33.2,18.8,48.37,Gentoo
254,60.7,25.2,69.28,Chinstrap
183,34.2,16.1,43.46,Chinstrap
221,34,20.5,46.08,Adelie
225,38.3,23.6,47.15,Chinstrap
169,23.5,17.6,29.47,Adelie
162,26.7,13.7,29.84,Adelie
186,38.6,14.6,40.11,Adelie
177,32.3,16.4,34.02,Adelie
195,32.9,19.2,48.57,Adelie
213,30.8,19.7,62.54,Chinstrap
174,28.7,12.3,33.00,Chinstrap
258,46,22,60.96,Chinstrap
215,58.7,20.6,42.28,Adelie
197,45,16.8,45.91,Adelie
179,27,22.8,51.65,Chinstrap
192,24.3,19.3,41.61,Gentoo
242,51.2,16.2,51.07,Gentoo
210,57.7,16.4,46.04,Gentoo
183,39.1,13.5,37.73,Gentoo
262,61,21.8,83.90,Gentoo
249,41.5,22.7,68.42,Gentoo
176,23.4,16.9,35.27,Adelie
167,36,17.7,29.89,Adelie
253,41.3,18.4,55.45,Adelie
252,48.7,18.8,46.77,Adelie
174,24.3,18.1,40.34,Adelie
182,35.7,15.2,36.83,Adelie
213,30.7,19.7,49.79,Chinstrap
204,56.9,21.6,64.99,Gentoo
223,61.9,21.1,70.72,Gentoo
168,34.3,14.8,32.38,Adelie
219,50.7,19.7,53.67,Adelie
240,35.8,18.9,54.70,Adelie
179,24.2,19.1,40.40,Adelie
190,37,14,32.55,Gentoo
253,52.5,21.8,70.81,Gentoo
245,52.2,20.1,60.00,Adelie
221,59.7,20.8,52.52,Gentoo
266,48.8,23,54.07,Gentoo
190,28.4,20.1,43.23,Gentoo
194,32.9,15.8,37.25,Chinstrap
174,28.1,15.3,25.86,Adelie
211,32,15.6,41.95,Adelie
248,53.1,16.4,60.87,Adelie
187,28.5,15.7,45.44,Adelie
161,29.1,13.9,31.10,Adelie
239,64.9,21,63.48,Gentoo
190,51.5,16.9,51.84,Adelie
270,60.1,17.8,61.09,Gentoo
186,34.6,16.9,41.33,Gentoo
192,48.2,10.3,39.67,Gentoo
213,63.3,19.6,51.78,Chinstrap
196,34.4,14.2,31.88,Adelie
195,35.3,16.3,36.18,Chinstrap
248,62.6,17.3,69.02,Gentoo
206,47.5,20.4,41.26,Gentoo
215,31.3,18.9,40.67,Adelie
252,55.9,21.8,56.69,Gentoo
150,35.1,12.7,30.47,Adelie
177,33,15,28.50,Adelie
168,21.1,14.3,36.55,Adelie
205,28.9,20.3,56.30,Gentoo
222,61.1,22.2,64.11,Chinstrap
170,34.8,20.5,34.43,Gentoo
140,36.3,17.5,31.80,Adelie
212,51.7,24.5,60.22,Gentoo
204,45,18.8,46.24,Gentoo
181,38.2,14,36.22,Gentoo
177,20.4,17.1,34.62,Gentoo
221,48.3,20.4,49.37,Gentoo
207,37.6,16.6,45.97,Adelie
184,32.9,19.8,44.53,Adelie
226,55.3,20.7,71.89,Gentoo
260,73.5,19.2,69.98,Gentoo
224,21.9,18.6,51.29,Adelie
185,33.8,14.4,24.77,Adelie
169,28.4,16,35.81,Chinstrap
187,25,13.2,35.88,Adelie
186,38.4,16.5,43.37,Adelie
250,62.4,16,43.56,Gentoo
236,35.8,19.8,58.91,Adelie
187,26.2,21.4,35.48,Adelie
206,49.1,17,39.14,Gentoo
184,35.9,16.2,36.11,Chinstrap
189,27.3,16.4,36.54,Adelie
195,29.9,16.4,43.91,Chinstrap
173,32.6,13.8,33.56,Gentoo
200,60.2,18.1,52.10,Gentoo
230,51.4,20.6,54.93,Gentoo
206,38.2,20.4,41.94,Gentoo
215,29.4,21,47.80,Gentoo
242,24.7,19,55.66,Gentoo
174,28.3,17.5,31.05,Chinstrap
194,35.7,16.8,52.66,Adelie
231,26.5,20.2,74.09,Gentoo
198,29.1,15.9,37.96,Gentoo
254,75.5,22.6,75.72,Chinstrap
228,26.2,21.5,55.47,Gentoo
214,52,15.6,70.29,Adelie
252,52.5,27.5,78.45,Gentoo
208,45.4,20.7,42.99,Gentoo
173,24.4,16.9,28.16,Adelie
210,27.5,17.1,61.19,Adelie
195,40.4,17.5,50.69,Gentoo
225,58.3,20.3,51.26,Adelie
236,35.7,19.5,52.75,Adelie
201,38.8,18.4,50.26,Gentoo
172,35,14.6,30.03,Adelie
205,20.1,17.2,37.20,Chinstrap
189,27.3,23,52.60,Gentoo
167,23.8,18.8,37.28,Adelie
199,31.3,18.6,43.78,Gentoo
166,24.1,18.6,35.24,Gentoo
170,30.9,15.5,30.10,Adelie
254,48.9,21.6,59.21,Chinstrap
202,54.7,16.9,46.31,Chinstrap
198,43,20.9,42.78,Gentoo
270,53.2,24.3,87.54,Gentoo
269,44.5,21,66.44,Adelie
186,40.2,19.2,35.91,Gentoo
187,30.9,21.2,60.64,Adelie
200,42.2,14.3,48.41,Adelie
191,56.2,19.2,54.73,Chinstrap
294,49.3,25.2,76.23,Gentoo
221,51.6,14.6,55.56,Adelie
160,29,16.9,47.22,Adelie
232,19.8,17.7,52.72,Chinstrap
217,41.6,17.3,39.25,Adelie
175,20.2,14,33.58,Adelie
222,55,19,57.52,Gentoo
209,33.6,19.4,45.45,Adelie
203,48.3,19.6,42.02,Adelie
212,53.4,17.5,45.20,Adelie
204,27.6,19.9,52.10,Adelie
205,34,19.2,43.88,Chinstrap
215,15.6,15.3,41.21,Adelie
218,62.9,10.1,60.10,Adelie
259,63,20.4,62.51,Adelie
192,24,12.5,43.06,Chinstrap
181,43.9,18.9,34.69,Gentoo
180,30.1,19.4,42.36,Chinstrap
192,34.6,18.8,46.79,Gentoo
229,46.2,23.2,59.08,Gentoo
179,40.9,15.7,29.99,Gentoo
243,27.5,19.5,52.68,Chinstrap
224,20.4,17.9,40.03,Gentoo
190,32.8,17.6,48.68,Adelie
197,29.9,20.6,48.11,Chinstrap
192,40.8,17.8,53.45,Chinstrap
195,28.7,24,47.88,Gentoo
203,32.5,12.1,32.58,Adelie
275,61.4,21.7,92.76,Gentoo
238,49,24.5,58.39,Gentoo
248,21.8,19.6,54.95,Chinstrap
226,49,19.9,50.11,Gentoo
190,29.3,16.5,47.30,Gentoo
198,31.1,13.1,35.48,Adelie
174,38,19,37.68,Chinstrap
195,39.2,18.6,45.15,Gentoo
189,27.7,17.2,46.12,Gentoo
241,50.2,16.8,44.11,Gentoo
162,32.4,13.2,30.84,Adelie
207,35.9,17,37.10,Adelie
236,36.4,24,50.60,Adelie
202,29.8,19.2,48.18,Chinstrap
238,52.4,17,67.62,Gentoo
176,40.1,18.1,41.38,Gentoo
256,56.5,19.4,78.79,Chinstrap
199,40.7,16.3,35.18,Adelie
209,33.1,18.4,42.89,Gentoo
228,38.5,22,54.93,Adelie
227,49.8,23.8,63.28,Gentoo
235,42.8,18.1,66.36,Adelie
203,41.2,20.5,39.77,Gentoo
173,32.1,16.8,46.10,Adelie
267,52.6,21.2,68.18,Adelie
176,23.3,14.2,32.03,Adelie
227,60,20.2,61.95,Gentoo
168,24.8,18.8,44.42,Gentoo
229,39.4,21.3,66.48,Gentoo
198,34.7,18.1,40.54,Gentoo
162,37.7,14.4,31.95,Gentoo
222,55.5,19.3,62.57,Adelie
180,22.9,12,30.88,Adelie
252,54.2,21.4,63.65,Gentoo
173,28.1,16.2,37.15,Adelie
169,28.5,17.4,38.10,Adelie
163,29.8,16.7,40.42,Chinstrap
236,50.9,18.7,57.40,Adelie
169,24.5,15.8,29.76,Adelie
240,36.1,20.3,55.28,Adelie
159,24.1,16.7,41.76,Adelie
198,32.2,17.1,35.41,Adelie
208,31.6,24.7,54.10,Adelie
204,33.7,18.6,39.68,Adelie
228,57.6,19.2,53.41,Gentoo
176,36.1,17.2,29.58,Adelie
252,70.8,21.6,81.95,Gentoo
221,21.1,19.3,48.46,Adelie
201,52,21.1,48.20,Gentoo
171,32.3,16.2,29.63,Chinstrap
187,37.3,13.3,33.23,Adelie
238,48.9,20.7,64.18,Gentoo
251,67.5,20.1,65.38,Gentoo
173,30.8,15.3,32.09,Adelie
188,42.2,14.6,36.94,Adelie
232,33.3,19.9,50.86,Adelie
209,31.3,22.5,44.25,Gentoo
192,37.8,19.5,51.64,Gentoo
219,67.1,22.2,65.36,Gentoo
191,42.5,19.5,51.99,Chinstrap
261,50.9,19.9,78.14,Gentoo
175,31.2,17.2,40.91,Chinstrap
188,25.5,18.4,42.07,Chinstrap
187,38.4,18,30.49,Adelie
179,32.1,18.1,29.03,Adelie
172,26.1,16.8,35.54,Gentoo
223,37.9,18.3,62.83,Chinstrap
189,33.6,19.3,39.46,Gentoo
171,24.4,14.5,36.81,Adelie
268,57.8,24.3,71.36,Gentoo
181,24.5,10.7,29.86,Adelie
246,62.6,21.2,76.84,Gentoo
188,41.6,17.8,44.30,Gentoo
182,41,18.1,32.15,Gentoo
203,23.6,22.8,42.50,Adelie
166,20.4,16.9,34.31,Adelie
201,48.2,17.3,45.80,Adelie
215,21.3,16.6,30.37,Adelie
256,50.7,15.8,52.28,Adelie
192,29.8,18.1,39.42,Chinstrap
208,22.1,18.8,44.77,Chinstrap
190,37.6,15.6,39.03,Gentoo
161,33.4,15.3,35.24,Gentoo
191,33,16.1,36.98,Chinstrap
200,32.3,18.4,32.64,Chinstrap
181,30.1,17,44.28,Adelie
211,26.4,15.6,39.56,Adelie
241,44.8,19.5,54.10,Adelie
185,22,17.3,40.58,Adelie
189,28,16.4,36.82,Adelie
200,32.2,19.6,52.81,Chinstrap
186,34.5,19.8,33.55,Adelie
213,23.8,15.7,37.20,Adelie
243,35.4,16.9,48.95,Adelie
176,27.8,14.7,31.08,Adelie
176,33.2,18.1,43.42,Adelie
236,56.3,18.6,52.58,Adelie
236,31.3,19,54.98,Adelie
235,65,19.4,60.82,Gentoo
205,49.7,18.1,46.59,Adelie
218,50.3,19,59.40,Gentoo
213,28.9,21.3,66.88,Gentoo
232,50.3,18.5,58.19,Adelie
204,35.7,19.6,37.86,Gentoo
193,41.8,21.7,48.36,Adelie
200,33.4,21,40.00,Adelie
163,34,16.1,31.35,Adelie
185,32.8,21.2,39.30,Adelie
191,33.7,17.8,44.05,Gentoo
262,47,18.8,67.68,Chinstrap
184,29.8,17.2,30.16,Adelie
207,50.6,18.7,49.55,Adelie
210,30.8,21.6,48.45,Gentoo
206,29,16.9,39.61,Adelie
187,36.7,18.3,48.65,Adelie
168,32.3,18.2,36.17,Gentoo
216,38.1,20.4,41.98,Adelie
227,55.6,23,84.45,Gentoo
194,35.9,16.8,41.13,Adelie
205,39.2,18.1,46.48,Adelie
192,27.4,21.7,44.68,Adelie
167,26.9,19.9,50.09,Gentoo
229,52.1,22.9,74.33,Gentoo
184,37.6,15.2,40.24,Gentoo
201,34.4,15.8,36.34,Chinstrap
176,34.2,14.3,35.29,Adelie
191,28.4,17.6,39.87,Chinstrap
219,40.8,21.2,56.87,Adelie
187,28.9,18.8,48.92,Chinstrap
187,22.5,20.4,40.55,Chinstrap
213,53.8,18.5,45.32,Adelie
169,22.7,18.4,38.91,Adelie
247,56.7,23.9,59.04,Gentoo
171,34.9,16.9,29.69,Adelie
195,30.5,14.2,39.45,Adelie
189,22,16.2,40.21,Gentoo
248,41.4,22.1,53.35,Adelie
202,25.1,18.5,39.81,Adelie
167,32,14.6,29.98,Adelie
212,39.1,22.9,55.94,Gentoo
177,60.7,17.9,48.11,Adelie
229,58.1,24,58.58,Gentoo
251,63.2,22.7,61.07,Gentoo
185,28.4,17.8,46.39,Adelie
199,26.7,21.3,46.87,Adelie
220,50.1,19.1,49.56,Adelie
176,18.9,14.8,35.31,Adelie
177,25.1,15.7,37.09,Adelie
164,34.9,17.6,34.50,Gentoo
182,31.8,18.5,47.02,Gentoo
186,35.7,18,47.01,Adelie
236,48.5,13.9,55.00,Adelie
208,28.2,17.3,43.54,Gentoo
205,25,16.2,43.12,Adelie
258,48.6,18.4,72.73,Adelie
203,40.5,22,48.55,Gentoo
186,35.8,13.5,29.85,Chinstrap
236,53.2,21.1,56.22,Gentoo
219,49.7,17.5,70.93,Gentoo
190,23.6,18,37.61,Adelie
180,25.6,16.7,42.36,Chinstrap
176,36.7,17.8,35.70,Gentoo
168,25.5,16.8,39.73,Chinstrap
184,19.8,17.2,46.11,Adelie
271,53.2,19.1,64.53,Gentoo
195,30.2,21.4,52.39,Chinstrap
174,31.8,16.8,29.00,Adelie
199,21.6,17.4,52.00,Adelie
223,33.5,17.8,55.18,Gentoo
187,23.7,21.6,36.65,Adelie
220,30,18,47.57,Adelie
221,32.6,21.7,45.43,Gentoo
247,59.3,19,62.31,Gentoo
183,32.9,14.3,44.29,Chinstrap
256,51.2,24.4,97.14,Gentoo
192,34.4,16.8,40.68,Chinstrap
184,36.3,18.5,50.45,Gentoo
180,39.5,16.7,36.17,Gentoo
243,70.2,19.5,66.85,Gentoo
230,30.6,20,61.40,Gentoo
214,42.1,15.8,41.49,Gentoo
210,29.5,22.5,52.13,Gentoo
271,68.5,20.4,80.02,Gentoo
189,39.1,18,49.22,Adelie
174,35.1,13.6,31.19,Chinstrap
217,60.6,16.7,51.85,Gentoo
212,60.4,24.1,63.16,Gentoo
195,28.9,18.4,39.01,Adelie
193,33.4,14.8,45.27,Adelie
200,25.5,22.4,47.12,Gentoo
208,27.8,14.9,35.24,Adelie
213,51.7,16.2,48.56,Adelie
188,51.7,19.2,49.81,Adelie
204,30.5,14.4,34.33,Chinstrap
189,31.9,18.2,43.09,Adelie
270,63.4,18.3,69.61,Gentoo
185,26.9,20.4,43.43,Chinstrap
159,29.7,15.8,42.35,Adelie
198,27.5,15.3,40.36,Adelie
215,31.9,20.2,54.02,Gentoo
234,28,20.6,55.28,Gentoo
220,57.1,18.5,53.28,Gentoo
182,29.3,19.5,42.21,Gentoo
193,27.6,18.5,49.97,Gentoo
244,53.8,20.4,47.63,Adelie
190,28.5,17.2,47.87,Adelie
174,37.3,11.7,31.53,Adelie
213,59.9,23.3,63.05,Chinstrap
239,60.8,18.8,57.32,Gentoo
184,39.4,15.2,32.80,Chinstrap
174,37.3,20.6,33.11,Gentoo
180,27.3,22,39.36,Adelie
194,31.5,17,40.73,Adelie
199,27.8,17.8,50.71,Adelie
194,41.7,15.5,44.03,Gentoo
180,30,17.7,40.25,Chinstrap
218,36.1,25.5,72.78,Gentoo
215,44.6,22,59.86,Adelie
181,29.7,20,49.72,Chinstrap
203,32.3,18.4,48.58,Gentoo
200,33.2,22,40.26,Chinstrap
263,60.4,20.5,73.96,Gentoo
249,46.4,18.6,58.49,Chinstrap
175,29.4,16,36.75,Adelie
204,32.1,16.6,43.67,Chinstrap
203,31.5,18.1,55.54,Gentoo
171,30.2,13.1,29.45,Adelie
202,20.3,16.3,43.26,Adelie
205,27.5,17.7,45.91,Gentoo
171,20.9,16.2,39.97,Adelie
193,32.1,17,44.34,Adelie
178,32.2,17.9,35.27,Gentoo
164,28,16,30.48,Adelie
187,38.9,16.7,35.16,Adelie
238,52.8,19.9,57.56,Adelie
211,31.6,18.3,56.95,Chinstrap
178,28.7,14.5,38.50,Adelie
212,61.8,17.9,51.53,Adelie
227,32.6,22.3,57.70,Gentoo
231,37.4,24.1,66.64,Gentoo
191,40.5,18.7,60.65,Gentoo
235,38,20.1,49.41,Adelie
191,34.5,19.1,39.78,Adelie
170,33.5,16.1,29.62,Adelie
180,27.8,14.7,27.66,Adelie
214,32.5,16.4,40.42,Gentoo
194,32.7,23.1,65.50,Gentoo
167,27.1,16.5,34.24,Adelie
168,42,19.5,43.25,Gentoo
183,29.5,19,36.44,Gentoo
169,22.2,17.4,37.90,Chinstrap
238,66.5,18.9,75.21,Gentoo
256,62.1,23.7,58.20,Gentoo
180,32.3,16.9,41.96,Chinstrap
180,18.1,17,38.36,Adelie
236,61,20.1,60.62,Gentoo
179,24.5,19,30.45,Chinstrap
214,32.3,20.4,54.65,Adelie
221,35.9,22,49.50,Adelie
184,24.9,18,39.44,Chinstrap
268,61.8,20,49.60,Gentoo
230,64.4,19,54.32,Adelie
227,48.4,20.7,50.04,Adelie
204,51.2,21.2,53.37,Gentoo
182,35.2,20.9,36.26,Gentoo
162,40.3,16.2,35.42,Gentoo
196,31.3,20.2,53.31,Gentoo
167,23.5,14.7,33.21,Adelie
210,53.8,16.8,62.34,Chinstrap
188,28.5,19.5,34.09,Gentoo
163,26.3,16.6,39.39,Adelie
243,66.1,22.3,62.21,Gentoo
167,34.2,16.8,38.32,Gentoo
240,54.3,21.7,60.68,Chinstrap
206,27.8,19,41.21,Gentoo
267,75.8,17.6,88.22,Gentoo
176,41.3,15.6,31.70,Adelie
189,42.4,18.2,46.52,Gentoo
207,48,17.3,51.04,Adelie
284,69.4,21.6,78.14,Gentoo
195,28,20.1,45.28,Adelie
214,28.3,19.2,34.44,Chinstrap
178,27.1,20.4,36.65,Adelie
218,30.2,19.9,45.64,Chinstrap
165,32.3,16.5,33.50,Adelie
199,28.5,16.7,36.33,Adelie
207,30,19.8,47.03,Chinstrap
159,25.6,14.5,31.48,Adelie
176,34.3,12.1,28.22,Adelie
197,31.4,17.2,46.26,Chinstrap
270,75.3,20.5,70.06,Gentoo
161,30.6,14.6,28.37,Adelie
197,23.3,18.7,39.90,Adelie
217,32.6,18.1,46.53,Gentoo
301,62.3,21.5,74.58,Gentoo
221,25.5,19.8,39.89,Adelie
167,25.2,20.4,34.92,Adelie
178,37.9,14.1,34.05,Adelie
242,67.2,16.3,62.74,Gentoo
182,31.7,21.9,46.28,Gentoo
248,54.5,20.6,57.61,Adelie
204,36.1,18.3,41.79,Gentoo
189,21.7,17.8,40.58,Adelie
253,70.9,25.4,67.98,Chinstrap
176,28.6,15,30.88,Adelie
190,22.5,18.9,37.19,Adelie
221,45.4,20.3,50.57,Adelie
255,52.6,19.5,49.95,Adelie
174,31.3,17.9,38.19,Adelie
232,59.3,22.4,60.95,Adelie
239,51.8,20,51.57,Adelie
213,42.4,15.3,51.20,Adelie
173,25.5,12.4,31.82,Adelie
209,30.4,19.1,57.96,Adelie
242,56.9,19,71.83,Gentoo
211,41.8,20.8,82.82,Gentoo
204,30.1,20.7,75.73,Chinstrap
193,26,19.7,40.24,Gentoo
172,35.9,12.4,29.33,Adelie
275,54.9,19.7,77.28,Gentoo
230,72.3,21.5,59.26,Chinstrap
154,30,18.5,38.02,Gentoo
191,25.2,18.4,38.61,Adelie
203,35.2,19.3,47.38,Chinstrap
267,43.4,14.5,64.76,Adelie
180,36.7,16.6,37.36,Adelie
196,32.2,24.7,37.61,Gentoo
204,52.2,15.7,53.63,Gentoo
220,60.7,21.7,67.17,Chinstrap
166,28.3,13.6,26.46,Adelie
199,29.7,13.8,32.82,Adelie
229,51.1,20.2,52.08,Adelie
190,49.2,15.6,49.37,Adelie
199,26.3,16.9,47.47,Adelie
227,28.4,23.4,54.76,Chinstrap
200,34.8,16.9,60.05,Chinstrap
181,21.3,16.4,40.37,Adelie
196,26.6,15.8,49.65,Adelie
173,27.6,18.6,29.67,Chinstrap
220,30.5,21.2,36.90,Adelie
186,26.8,18.9,49.41,Chinstrap
198,28.1,22.2,53.06,Gentoo
250,69.4,23.3,59.01,Chinstrap
208,37.7,22.6,64.27,Gentoo
207,35.6,20.4,59.30,Chinstrap
172,28.1,11.9,30.60,Adelie
199,35.4,19,36.73,Adelie
242,65.4,20.2,64.84,Adelie
220,30.5,19.2,53.30,Adelie
191,29.5,15.8,35.57,Gentoo
203,24.3,21,35.96,Gentoo
172,24.4,18.2,34.68,Gentoo
217,39.3,21,48.66,Gentoo
208,28.6,18.9,61.45,Gentoo
231,58.6,25,52.33,Gentoo
206,39,14.1,38.30,Gentoo
219,34.5,21.1,50.76,Gentoo
217,43.6,16.7,60.90,Adelie
202,41.1,19,46.94,Chinstrap
225,21.8,21.3,48.15,Adelie
216,39.9,22.2,62.51,Gentoo
199,38.8,15.9,38.62,Chinstrap
198,31.9,15.1,44.99,Gentoo
172,24.4,17,37.81,Adelie
180,29,18.2,38.88,Chinstrap
189,25.4,20.7,46.91,Gentoo
201,43.6,14.3,42.79,Adelie
183,33.4,16.4,33.62,Chinstrap
161,32.9,16.3,41.44,Adelie
268,59.2,23.6,89.35,Gentoo
175,39.7,17.1,34.29,Gentoo
166,27.5,19.1,37.29,Adelie
190,30.2,15.4,41.03,Chinstrap
194,39.8,16.8,33.92,Gentoo
199,25.3,16.9,40.97,Adelie
177,22.5,18.2,34.70,Adelie
190,37.4,19.4,45.69,Gentoo
191,35.2,16.5,32.93,Adelie
237,34.5,16.1,54.97,Adelie
232,59.1,19.4,65.90,Gentoo
169,33.8,19.2,28.71,Chinstrap
195,27.5,14.9,46.42,Chinstrap
244,57.4,18.7,53.56,Adelie
154,28.4,13.3,30.36,Adelie
215,28.3,20.3,51.28,Adelie
184,28.7,18.1,37.24,Chinstrap
187,28,18.2,30.07,Adelie
203,28.9,20.5,38.91,Chinstrap
164,16.3,15.7,39.92,Adelie
181,22.7,16.8,40.55,Adelie
203,28.5,21.5,50.65,Gentoo
284,65.1,19.5,73.56,Adelie
217,56.4,18.7,51.54,Gentoo
182,31.4,18.9,44.96,Adelie
218,29,20,48.03,Gentoo
235,51.9,15.6,59.47,Gentoo
171,24.9,21.1,35.47,Gentoo
187,38.4,18.5,29.37,Gentoo
186,22.5,18.9,30.67,Chinstrap
265,56.5,22.9,65.38,Adelie
180,28.8,16.9,37.83,Gentoo
270,79,26,86.74,Gentoo
234,64.6,13.7,66.20,Gentoo
241,58.3,18.6,49.12,Gentoo
232,59.9,16.6,56.41,Adelie
221,29.4,18.3,47.11,Adelie
214,38.9,17.1,47.13,Gentoo
262,65.6,17.1,66.75,Gentoo
203,27.2,15.3,38.11,Adelie
204,31.4,20.8,50.35,Gentoo
263,58.2,23.7,86.75,Gentoo
215,36.6,20.5,49.73,Adelie
246,54,20.6,60.55,Gentoo
238,71.7,25.8,74.55,Gentoo
207,42.1,17.5,46.01,Adelie
170,27.3,15,31.18,Adelie
288,63.6,20.4,74.96,Gentoo
240,48.1,14.8,59.61,Adelie
174,32.5,15.6,26.96,Adelie
199,50.5,18.1,55.75,Chinstrap
170,30.7,21.5,36.49,Chinstrap
209,38.6,18.5,40.41,Gentoo
235,56.7,17.7,56.89,Gentoo
164,31.8,15.7,43.97,Adelie
183,26.9,15.2,35.82,Adelie
194,35.5,18.9,41.48,Gentoo
227,65.2,22,65.26,Gentoo
227,39.6,22.8,72.05,Gentoo
209,41.4,19.3,53.04,Gentoo
228,29,17.8,51.06,Adelie
213,37.2,19.3,47.07,Chinstrap
192,46.4,13.8,40.82,Gentoo
174,32.5,19.5,31.26,Gentoo
185,31.9,17,48.81,Adelie
227,57.1,19.9,62.89,Adelie
213,29.1,20.2,48.45,Adelie
218,62.4,20.3,48.28,Gentoo
254,44.8,22.1,67.86,Gentoo
177,28.3,23.9,39.58,Adelie
209,32.7,19.1,47.67,Adelie
260,57.3,18.5,76.19,Adelie
192,26.3,16.1,50.40,Chinstrap
195,41,15.5,39.55,Gentoo
192,41.1,20,38.10,Gentoo
202,23.1,22.3,44.78,Chinstrap
191,24.5,17.9,42.02,Chinstrap
176,29.3,13.6,32.65,Adelie
176,23.6,19.8,40.96,Chinstrap
238,76.6,20.6,72.01,Gentoo
159,32.6,13.7,33.92,Chinstrap
250,57.7,25.1,67.09,Adelie
154,25.1,17.5,36.83,Adelie
181,38.8,18.2,41.10,Adelie
186,33.1,19.5,40.47,Adelie
191,27,13,38.12,Adelie
227,28.2,23,46.92,Chinstrap
160,23.9,18,38.37,Adelie
199,42.6,16.8,45.14,Gentoo
213,37,18.6,45.92,Adelie
246,58,22.7,95.58,Gentoo
211,24.8,19.6,50.17,Adelie
217,62.9,20.4,56.61,Chinstrap
191,34.5,18.4,43.54,Gentoo
207,48.9,16.9,57.39,Gentoo
187,21.7,19.8,34.97,Adelie
254,39.1,21.4,67.40,Gentoo
177,32.5,13.5,30.99,Adelie
213,25.1,19.5,45.93,Adelie
245,65.8,26.1,60.01,Adelie
222,36.5,22.2,73.64,Chinstrap
201,40.3,18.2,64.43,Gentoo
194,41.5,16,44.79,Gentoo
231,36.1,15.1,47.34,Adelie
241,41.2,22.9,60.07,Gentoo
193,20.8,18.5,47.97,Chinstrap
211,62.9,17.1,59.43,Gentoo
242,58.4,18,52.32,Gentoo
214,28.2,20.1,45.40,Gentoo
219,32.5,24.7,57.64,Gentoo
228,30.6,21.4,70.77,Chinstrap
238,56.9,26.5,64.51,Gentoo
224,49.4,17.8,65.69,Adelie
233,29,22.5,60.18,Gentoo
179,36.2,20.2,43.19,Gentoo
191,22.7,23.4,38.81,Chinstrap
171,32.8,14.4,26.42,Gentoo
228,59.2,20.8,62.39,Gentoo
167,30.2,19.7,47.43,Adelie
225,25,18.3,42.35,Adelie
243,71.9,19.7,68.82,Gentoo
184,32.6,15.1,40.36,Adelie
220,56.3,18,42.89,Adelie
251,42.3,22.5,68.16,Gentoo
181,33,13.4,33.65,Gentoo
219,38.5,18.5,54.64,Chinstrap
180,25.7,21.4,31.40,Chinstrap
183,24.4,18.1,35.39,Adelie
192,45.1,18.6,50.79,Gentoo
160,28.8,14.5,29.95,Adelie
172,24.5,12.7,30.66,Adelie
230,48.7,18,60.69,Adelie
187,23.4,17,43.18,Chinstrap
235,44.1,14.3,54.00,Adelie
254,49,19.8,52.44,Adelie
253,58,20.8,78.19,Gentoo
261,56.7,23.1,93.58,Gentoo
230,54.9,22.3,64.94,Adelie
228,50.8,19,63.46,Gentoo
207,45,16.7,51.12,Adelie
211,52.3,20.8,64.78,Chinstrap
206,65.2,19.1,55.43,Adelie
180,27.8,16.9,33.96,Chinstrap
215,29.6,20.6,45.16,Chinstrap
268,66.1,19.6,60.51,Gentoo
197,41,15.7,37.24,Chinstrap
196,37,18.9,42.76,Adelie
245,61.6,19.8,83.22,Chinstrap
208,29.3,18.2,44.87,Chinstrap
203,27.2,18.6,50.85,Adelie
220,47.1,19.4,49.19,Gentoo
222,50.8,18.9,65.21,Gentoo
159,38.3,12.9,33.77,Adelie
191,29.1,16.3,30.31,Chinstrap
212,48.4,16,43.23,Gentoo
246,61.5,20.7,58.90,Gentoo
240,36.4,17.3,49.75,Chinstrap
160,36.2,15.8,30.54,Adelie
252,42.8,18.3,56.05,Chinstrap
226,33,19.5,40.21,Gentoo
277,48.7,19.7,68.90,Adelie
185,34.2,16.7,27.91,Adelie
181,33.1,14.4,33.57,Adelie
252,59.8,19.6,52.04,Gentoo
201,44.9,16.2,44.63,Gentoo
198,26.6,15.6,35.90,Adelie
230,39.4,23.1,41.44,Gentoo
207,58,22.2,50.26,Gentoo
193,33.2,17.5,43.43,Adelie
216,25.5,21.6,49.55,Chinstrap
196,41.8,17.1,40.77,Gentoo
176,31.8,14.7,36.28,Adelie
232,62.1,17.5,58.48,Chinstrap
192,20.9,17.2,41.19,Adelie
216,36.6,16.3,42.49,Adelie
186,30.8,13.5,47.80,Chinstrap
177,27.9,16.2,35.62,Adelie
166,18.4,18.1,37.77,Adelie
170,35.3,9.7,33.42,Adelie
193,50.5,16.5,57.84,Adelie
190,37.2,16.8,49.34,Adelie
161,27,14.4,29.66,Adelie
254,70.2,22,61.57,Adelie
250,62.3,21,72.38,Gentoo
162,36.8,18,38.13,Gentoo
179,21.3,17.9,38.59,Adelie
200,29,16.2,49.42,Adelie
214,48.6,19.1,48.82,Adelie
186,29.1,16.9,44.34,Adelie
181,43.1,19,46.44,Gentoo
181,30.7,17.9,32.77,Chinstrap
211,28,21.5,47.57,Adelie
200,41.6,19.7,45.63,Gentoo
189,20.8,16.5,36.70,Adelie
206,53,18.1,56.93,Adelie
252,70.7,21,66.09,Gentoo
187,31.3,15.7,33.46,Adelie
226,40.7,21.1,66.68,Gentoo
196,21.4,19.1,43.68,Gentoo
236,37.6,20.2,55.65,Gentoo
184,32.7,20,30.89,Chinstrap
176,24.5,15.7,49.36,Adelie
166,32.4,11.1,40.05,Adelie
233,53.4,25.6,66.75,Gentoo
201,30.1,18.3,45.30,Adelie
184,30.6,19,38.89,Adelie
242,49.1,19.9,62.34,Adelie
200,34.2,16.1,49.52,Adelie
238,50,20.1,54.76,Adelie
212,21.1,21.1,46.93,Chinstrap
222,53.3,15.9,55.13,Adelie
226,38.3,21.4,76.43,Gentoo
204,39.3,22.3,49.47,Chinstrap
249,88.2,22.6,88.73,Gentoo
208,46.6,15.6,59.37,Adelie
195,43.5,21.7,49.94,Gentoo
166,28.9,18.5,30.18,Adelie
283,78.7,23.1,80.99,Gentoo
183,27,19.1,45.51,Adelie
163,30.1,14.3,41.42,Adelie
205,31.5,20.5,66.12,Gentoo
200,29.2,17.2,35.98,Adelie
259,78.4,18.9,54.45,Adelie
179,28.8,15.7,32.68,Chinstrap
193,29.9,16.6,39.32,Adelie
228,37.2,17.6,38.58,Gentoo
192,26.9,16.6,31.76,Adelie
200,32.3,23.6,58.26,Gentoo
305,80.5,21.7,78.92,Gentoo
202,31,17.2,36.55,Adelie
215,55.7,11.3,60.30,Adelie
260,63.7,17.2,74.57,Gentoo
232,60.3,22.6,63.81,Chinstrap
200,34,16,43.16,Gentoo
187,22.7,19.4,49.95,Gentoo
206,34,21,58.65,Chinstrap
231,38.6,16.8,69.02,Gentoo
141,22.7,19.2,37.90,Adelie
204,44.7,16.3,50.96,Adelie
201,27,19.7,39.62,Chinstrap
207,35.7,18.9,41.58,Gentoo
196,23.5,15,37.70,Adelie
211,60.3,13.9,44.36,Adelie
218,60,18.2,49.48,Adelie
225,49,17.1,56.55,Gentoo
197,40.6,18.3,65.88,Gentoo
239,38.2,22.5,64.40,Gentoo
270,64,21.5,61.12,Adelie
157,27,15,30.17,Chinstrap
282,63.8,17.9,75.97,Gentoo
251,64.3,23,65.69,Gentoo
186,27.7,13.5,38.98,Adelie
220,33.9,16.4,53.86,Gentoo
197,48.8,20.6,40.40,Gentoo
266,44.1,20.9,75.23,Adelie
242,61.8,19.9,65.22,Chinstrap
182,28.7,20.3,32.18,Chinstrap
179,28,12.5,35.36,Adelie
214,24.4,22.3,41.83,Gentoo
189,29.3,20.1,53.63,Gentoo
250,67.4,21.9,67.93,Gentoo
191,30,14,33.86,Adelie
215,46.2,15.5,43.00,Gentoo
213,49.7,18.4,48.49,Gentoo
183,46.9,13.9,41.28,Adelie
226,55.6,21.9,46.83,Chinstrap
210,34,15.2,50.08,Chinstrap
175,31.8,18.9,46.98,Adelie
162,29.3,12.6,29.82,Adelie
254,48.6,17,58.19,Gentoo
225,39.6,19.6,69.26,Gentoo
220,28.2,21,61.27,Gentoo
170,30.9,15.1,30.39,Adelie
222,24,18.9,55.21,Adelie
168,20.1,19,39.18,Adelie
184,31.2,14.2,38.03,Adelie
205,26.3,19.3,63.81,Gentoo
163,36.2,15.7,28.57,Adelie
169,18.7,18.8,40.79,Chinstrap
278,84.6,20.1,78.65,Gentoo
184,27.4,16.5,33.79,Adelie
217,41.1,15,52.03,Adelie
246,66.1,20.8,66.53,Adelie
194,28.8,15,44.92,Adelie
164,31.6,19.4,34.73,Chinstrap
166,29.4,18.3,39.13,Adelie
210,28.1,19.3,51.46,Gentoo
184,30.9,12.5,29.38,Chinstrap
179,26.4,17.5,52.69,Adelie
195,42.2,19.7,50.38,Chinstrap
256,56.3,22.2,66.57,Adelie
219,42.7,15.5,43.27,Gentoo
203,30.1,17.2,46.37,Gentoo
188,33.5,20.9,43.71,Gentoo
202,26.5,17.6,45.89,Chinstrap
189,33,15.7,35.44,Adelie
199,20.6,15.8,47.94,Adelie
183,26.1,14.6,28.67,Adelie
202,56,20.3,49.62,Gentoo
218,24.4,20.9,42.89,Adelie
199,35.6,20.2,37.96,Adelie
256,45.6,21.9,68.05,Gentoo
231,62.9,13.5,42.78,Adelie
188,26.2,19.4,50.90,Adelie
194,31.2,21.3,42.62,Chinstrap
249,56.2,19.5,67.08,Gentoo
251,29.4,23.3,53.44,Adelie
190,35.1,16.3,35.73,Adelie
242,52.2,17.5,63.34,Gentoo
237,58.2,17,56.82,Adelie
242,43.7,19.4,61.38,Adelie
182,17.2,20,40.07,Adelie
194,23.8,16.9,36.92,Adelie
182,42.5,13.5,31.88,Gentoo
232,50.5,16.1,66.98,Gentoo
263,58.3,17.6,59.02,Gentoo
233,28.2,17.4,58.41,Chinstrap
179,33,12.6,37.90,Adelie
183,30.7,21.7,44.39,Chinstrap
180,32.9,15.8,34.87,Adelie
229,54.2,15,63.85,Adelie
201,23.7,19.4,49.17,Adelie
167,37.9,15.1,29.13,Adelie
198,42.3,18.4,54.28,Adelie
256,58.3,23.9,90.55,Gentoo
205,30.2,20.1,45.09,Gentoo
266,30.3,21,53.26,Adelie
223,65.2,18,46.81,Adelie
229,35.7,22.7,49.84,Gentoo
239,54.6,17.9,50.99,Adelie
214,27.8,22.2,42.81,Chinstrap
158,32.3,13.6,34.41,Adelie
216,23.6,18.2,57.34,Adelie
181,31.8,16.3,39.14,Chinstrap
171,25.3,18.1,38.24,Adelie
188,34.5,19.4,34.98,Adelie
198,40.3,16.4,41.89,Chinstrap
185,45.2,19,43.18,Gentoo
210,30.1,19.7,35.86,Adelie
209,25.6,23.7,47.71,Gentoo
217,28.7,18.8,45.05,Chinstrap
224,31.5,17.5,48.14,Chinstrap
221,38.4,17.5,50.11,Gentoo
261,56.5,21.2,73.95,Gentoo
221,27.2,18.9,49.60,Chinstrap
238,53.2,19.7,53.41,Chinstrap
259,47.2,19.7,73.12,Gentoo
202,35.2,18,48.98,Adelie
179,33.9,18,38.50,Gentoo
254,65.3,22.8,77.88,Gentoo
244,57.4,21.8,71.52,Gentoo
209,41.4,15.5,43.53,Chinstrap
202,30.3,17.1,44.58,Gentoo
257,57.2,17.5,75.05,Gentoo
245,73.6,21.1,50.92,Gentoo
188,24.3,15.7,35.83,Adelie
183,50.6,17.4,57.53,Adelie
183,32.8,16.9,53.82,Gentoo
255,57.4,19.5,59.20,Adelie
177,32.8,14.7,40.50,Adelie
172,28.2,15.2,33.76,Gentoo
219,73.1,21.4,65.26,Gentoo
213,24.7,19.8,55.13,Gentoo
185,45.1,18.7,46.53,Gentoo
186,22.4,20.6,42.69,Gentoo
181,25.1,17.6,42.82,Gentoo
220,56.2,17.9,48.91,Gentoo
267,86.5,24.5,91.45,Gentoo
249,38.3,19.8,58.03,Adelie
183,30.7,18,38.28,Gentoo
236,47.7,21.2,55.84,Gentoo
228,45,16.8,48.46,Adelie
216,58.1,15.3,52.34,Gentoo
233,45.9,20.7,64.48,Chinstrap
284,69.8,22.1,80.05,Gentoo
207,37,17.2,40.07,Gentoo
197,32.1,17.7,42.59,Adelie
269,73.2,21.9,64.88,Gentoo
173,28.4,17.6,44.29,Chinstrap
242,55.9,20.9,56.09,Gentoo
192,24.6,18.3,48.97,Adelie
161,25.4,16.6,47.45,Adelie
184,23.6,21,46.24,Chinstrap
187,21,20.5,33.47,Adelie
180,27.9,21.3,52.23,Chinstrap
177,29.3,21.7,41.55,Gentoo
244,61.8,24.3,76.17,Gentoo
268,64.3,17,85.77,Gentoo
186,35.7,17.9,46.90,Gentoo
283,48.8,18.9,68.20,Adelie
204,27.8,15.3,47.41,Adelie
200,24.1,17.4,47.91,Adelie
217,53,19.6,50.41,Adelie
168,28.5,18.2,36.19,Adelie
229,51.8,20.4,60.55,Chinstrap
235,47.9,12.4,57.01,Gentoo
181,36.3,16.4,40.91,Gentoo
173,34,15.6,38.05,Gentoo
189,30.1,20.6,58.46,Gentoo
202,38.8,16.2,32.35,Gentoo
180,27.5,15.8,40.16,Gentoo
266,68.2,21.4,79.87,Chinstrap
235,68.3,19.3,72.28,Adelie
205,42.7,20,54.71,Chinstrap
176,33.5,18.6,44.18,Adelie
212,34.2,19,53.61,Gentoo
223,52.7,19.2,59.49,Adelie
174,38.8,14.8,30.11,Chinstrap
254,32.2,20.7,47.79,Chinstrap
205,33,15.7,35.80,Adelie
188,26.8,16.6,40.73,Gentoo
236,54.3,16.2,53.52,Adelie
175,27.4,16.5,37.78,Gentoo
206,29.1,16.5,42.68,Chinstrap
214,46.3,17.1,49.71,Gentoo
270,75,16.8,73.06,Gentoo
218,37.4,21.5,56.99,Gentoo
199,34.1,13.5,37.05,Adelie
166,35.6,19.3,31.87,Adelie
201,20.8,19.3,55.84,Chinstrap
214,33.2,15.7,34.23,Chinstrap
232,38.7,19.7,48.85,Adelie
228,48.8,19.4,54.74,Gentoo
246,54.6,22,62.83,Gentoo
215,68.9,22.2,67.60,Gentoo
217,42,16.1,40.22,Gentoo
185,27.7,15.2,43.06,Adelie
211,33.2,19.3,46.28,Adelie
200,26.9,15.8,43.00,Adelie
214,28,16.5,39.07,Adelie
174,35,15.2,33.89,Gentoo
245,67.6,20.2,68.60,Gentoo
169,19.6,15.9,39.81,Adelie
214,24.8,18.2,44.82,Adelie
218,29.7,18.5,41.68,Gentoo
227,55.2,18.9,60.94,Gentoo
197,25.6,19.7,45.93,Chinstrap
196,20.4,22.1,45.89,Adelie
218,36.8,24.2,58.64,Gentoo
226,55.8,20.1,56.73,Gentoo
256,55.9,20.5,66.01,Adelie
235,30.8,20.4,55.29,Adelie
197,33.7,18.6,45.43,Chinstrap
219,25.6,19.2,51.15,Adelie
254,62.9,21.1,84.20,Gentoo
173,30.7,19.3,52.32,Gentoo
230,68.9,19.2,51.81,Adelie
246,56.8,20.6,57.18,Gentoo
208,30.6,18.6,47.91,Gentoo
242,51.9,18.9,67.27,Gentoo
185,19.6,14.9,44.64,Adelie
185,28.7,14.2,44.81,Adelie
198,35.9,20.5,41.97,Chinstrap
208,23,17.6,48.89,Chinstrap
219,40.7,21.8,57.18,Adelie
188,30.3,16.4,38.56,Gentoo
175,23.9,19.1,36.88,Adelie
213,30.8,20.9,70.60,Chinstrap
215,57.5,14.8,45.63,Chinstrap
199,24.7,20.1,43.61,Chinstrap
202,43.4,12.9,43.83,Gentoo
193,29.4,19.3,27.86,Gentoo
195,30,20.2,44.00,Adelie
209,31.6,20.7,53.52,Gentoo
205,38.4,18.4,45.31,Gentoo
221,53.5,20.7,64.28,Gentoo
224,27.6,21.5,52.18,Gentoo
202,26.7,21.5,53.84,Gentoo
181,36,13.7,31.50,Chinstrap
254,57.3,27.4,85.85,Gentoo
208,43.6,18.8,49.72,Adelie
216,32.5,16.9,55.19,Adelie
238,33.7,22.7,59.54,Gentoo
259,63.9,24.7,69.59,Adelie
158,30.6,17.2,31.79,Adelie
191,34.6,18.7,35.81,Adelie
174,28.4,20.5,45.09,Gentoo
206,20.8,18,33.78,Adelie
211,34.6,20,46.67,Gentoo
177,21.8,18.1,41.46,Adelie
240,27.7,20.9,49.65,Adelie
227,61.4,21.4,59.29,Gentoo
246,46.4,18.9,62.71,Gentoo
231,46.1,17.9,70.75,Adelie
232,26.4,20,43.03,Chinstrap
229,29.2,20.7,63.77,Chinstrap
197,62.8,19.5,47.95,Chinstrap
245,50.4,23.1,54.13,Chinstrap
231,39.2,19,71.84,Adelie
206,43.9,22.9,68.35,Gentoo
185,20.5,15.5,45.77,Adelie
248,73.6,19.6,67.69,Adelie
251,41.5,17.4,61.93,Adelie
188,29.7,14.8,57.60,Adelie
202,35.8,14.4,37.55,Adelie
192,27.5,16.8,35.40,Chinstrap
215,43.4,20.9,65.78,Gentoo
212,43.3,17,60.58,Adelie
207,36.4,23.3,62.69,Gentoo
173,33.2,20.2,47.54,Gentoo
154,29.8,14.3,38.59,Adelie
220,51.4,17.9,58.57,Adelie
229,40.7,23.6,51.65,Gentoo
165,33.3,16.3,29.70,Adelie
205,30.3,25.5,63.41,Chinstrap
216,33.8,18.5,43.85,Gentoo
267,58.2,21.5,85.97,Gentoo
218,33,22.2,51.88,Gentoo
198,44.5,17.8,59.54,Adelie
207,34.5,19.1,50.13,Adelie
217,24.9,21.2,47.16,Adelie
205,33.7,18.8,45.14,Gentoo
204,35,20.1,43.92,Chinstrap
246,36,18.1,44.76,Adelie
252,57.7,17.9,62.85,Chinstrap
230,30.8,22.5,46.76,Adelie
223,35.7,23,46.39,Adelie
172,29,18,45.21,Gentoo
221,37.2,18.6,48.17,Adelie
177,26.6,14.2,35.54,Adelie
178,26.8,17,44.39,Adelie
284,84,20.6,68.77,Gentoo
201,40.5,18.1,36.96,Adelie
186,43.7,19,43.78,Gentoo
203,22,15.8,51.12,Chinstrap
188,40,17.9,39.02,Adelie
258,45.1,18.9,75.09,Adelie
190,32.2,17.8,64.25,Adelie
155,31.8,21.2,38.79,Adelie
247,56.3,18,65.28,Adelie
215,32.2,17.6,34.82,Gentoo
222,39.9,22.6,59.33,Gentoo
209,55.9,14.4,46.52,Adelie
192,29.1,15.4,34.21,Gentoo
291,63.3,20.9,82.41,Gentoo
298,56.8,20.6,55.60,Adelie
203,60.2,18.9,53.09,Gentoo
257,40.1,20.7,85.59,Gentoo
231,42.4,20.3,44.31,Gentoo
190,26.8,15.9,35.02,Chinstrap
180,39.7,19.3,37.99,Adelie
236,49.9,23.5,66.18,Adelie
243,48.7,18.3,66.43,Gentoo
190,30.5,16.5,44.63,Adelie
197,38.7,20.2,47.44,Adelie
150,34.9,17,29.21,Adelie
243,51.2,21.2,58.86,Adelie
228,24,20.6,44.29,Adelie
245,59.5,21.7,58.16,Adelie
189,26.1,23.2,57.50,Gentoo
166,25.1,17.4,39.74,Adelie
169,25.7,18.1,38.58,Adelie
179,38.5,18.3,29.36,Gentoo
249,52.8,23.2,72.34,Gentoo
165,30.4,18.4,48.49,Gentoo
197,42,18.5,42.13,Gentoo
260,60,18.8,68.67,Gentoo
217,44.9,19,54.87,Gentoo
250,31.1,18.2,47.46,Adelie
181,38.1,14,27.15,Adelie
183,47.1,15.1,38.04,Adelie
165,31.9,18,36.70,Gentoo
181,29.7,17.2,30.12,Chinstrap
190,31.8,18.8,49.27,Adelie
232,44.1,21.1,52.19,Adelie
207,38.4,22.5,61.30,Gentoo
223,55.4,20.5,54.38,Adelie
209,25.2,20.3,48.53,Adelie
178,24.4,17.7,39.18,Chinstrap
179,34.5,21.9,38.53,Chinstrap
168,27.3,16.9,35.45,Chinstrap
199,57.3,21,55.54,Gentoo
219,62.1,18.4,58.99,Gentoo
215,41.9,16.2,43.85,Gentoo
207,32.1,18,40.41,Chinstrap
185,22,17.4,38.18,Chinstrap
178,29.6,17.1,34.52,Adelie
204,40.8,16.5,39.00,Gentoo
221,47.4,20.8,61.98,Gentoo
193,37.7,16.2,49.92,Chinstrap
238,46,20,50.80,Adelie
203,34.1,17.7,38.22,Gentoo
195,24.4,16.2,42.11,Adelie
206,30.3,18.9,46.77,Adelie
232,58,20,80.89,Gentoo
238,62.8,15.7,48.13,Adelie
206,30.1,17.8,44.17,Chinstrap
195,38.8,17.8,48.30,Chinstrap
196,20.9,18.3,36.74,Adelie
196,39.8,18.1,48.44,Adelie
190,26.6,18,36.21,Gentoo
192,22.2,17.4,48.27,Adelie
185,27.8,17.1,38.45,Adelie
214,28.3,21.2,50.41,Adelie
178,31.2,19.3,32.84,Gentoo
177,29.4,16.2,33.30,Gentoo
214,34.3,21.5,62.28,Gentoo
278,50.7,19.6,62.90,Chinstrap
210,35.7,19.3,61.28,Gentoo
211,21,17.5,47.03,Adelie
167,31,16.3,36.04,Adelie
187,21.2,16.4,39.60,Adelie
179,24.7,19.6,48.97,Adelie
163,30.8,18.3,38.82,Gentoo
175,26.7,17.4,38.51,Chinstrap
218,49.9,18.2,50.07,Adelie
215,34,21.4,46.34,Chinstrap
217,34.9,19.7,53.60,Chinstrap
207,42.4,20.9,61.85,Gentoo
190,27.7,17.2,41.24,Adelie
263,44.4,21.7,66.03,Adelie
241,58.2,19.8,50.98,Gentoo
205,31.1,20.2,56.14,Adelie
183,34.2,15.4,49.43,Adelie
178,30.8,15.5,33.01,Adelie
241,50.5,17,63.83,Chinstrap
225,44.4,16.8,45.90,Adelie
247,46.9,19.9,76.69,Gentoo
171,26,14.6,33.72,Adelie
160,35,16.5,39.71,Adelie
189,33.6,15.2,33.92,Chinstrap
187,26.1,19.8,55.92,Gentoo
202,27.1,21.6,35.68,Chinstrap
211,32,17.4,43.57,Chinstrap
197,31.3,16.9,38.25,Adelie
251,31.2,19.9,66.19,Gentoo
238,60.9,16.7,62.04,Adelie
262,66.6,18.2,89.98,Gentoo
197,30.3,17.5,50.68,Adelie
200,24.7,15.2,42.40,Adelie
199,24.4,16.1,44.82,Adelie
209,51.8,13.8,55.30,Adelie
167,31.2,14.4,27.37,Adelie
203,36.5,21.7,44.85,Adelie
175,27.3,13.8,30.07,Adelie
218,45.4,18.7,62.76,Adelie
200,33.7,18.6,44.19,Chinstrap
199,26.9,18.4,43.32,Adelie
225,28.1,20.7,57.35,Gentoo
240,48.6,15.8,57.39,Adelie
173,24.5,16.2,37.68,Adelie
206,31.8,18.8,50.12,Chinstrap
206,41.5,18,46.50,Adelie
225,38.4,14.9,46.51,Adelie
194,28.8,16.9,43.83,Gentoo
202,36.2,23.3,47.26,Gentoo
168,29.3,14.1,30.48,Adelie
218,44.3,16.6,47.37,Adelie
244,40.9,19.1,52.54,Adelie
226,40.4,19,56.88,Chinstrap
207,24,21.2,58.33,Adelie
193,55.4,15.2,58.68,Gentoo
170,41.8,14.1,34.78,Adelie
265,27.7,25.2,67.02,Adelie
213,35.7,17.2,45.18,Chinstrap
246,52.6,18.5,54.19,Adelie
202,34.2,17.9,55.14,Chinstrap
241,61.3,20.4,67.80,Gentoo
246,68.8,19,79.24,Gentoo
201,39.6,16.7,39.16,Gentoo
192,33.9,17.6,43.79,Chinstrap
174,24.3,17,31.60,Adelie
175,31.8,15.4,33.78,Gentoo
266,41.1,21.5,44.14,Adelie
228,36.6,20.7,52.75,Gentoo
198,28.3,16.9,46.92,Adelie
204,28.5,22.7,39.33,Chinstrap
201,33.2,20.4,35.81,Chinstrap
183,32.5,15.5,36.33,Chinstrap
210,29.2,19.6,54.53,Gentoo
190,27,18.9,44.06,Adelie
152,27.7,17.6,32.25,Adelie
204,31.9,17.7,56.82,Gentoo
197,36.4,21.2,54.61,Gentoo
192,34.8,13.8,33.28,Adelie
212,52.5,23.2,60.19,Adelie
186,42.3,22.6,43.84,Gentoo
193,19.1,20.1,34.55,Adelie
256,63.7,20.7,75.43,Adelie
229,38.2,16.7,49.24,Adelie
232,45.8,22.1,59.86,Gentoo
221,23,19.8,64.40,Adelie
201,22,16.6,38.15,Chinstrap
259,44.9,18.7,47.63,Adelie
209,54.2,19.8,51.63,Gentoo
248,45.4,25,52.94,Gentoo
172,27.9,16,31.22,Adelie
238,50.6,17.8,57.76,Adelie
277,54,20.5,52.19,Gentoo
164,20.1,13.9,32.13,Adelie
218,31,20.6,49.68,Adelie
199,30.1,19.7,56.56,Adelie
230,33.3,21.2,59.15,Gentoo
172,38.4,17.3,34.79,Gentoo
204,29.8,21.7,52.05,Chinstrap
184,36.1,16.7,36.92,Chinstrap
174,32.9,16.8,27.97,Adelie
171,26.4,13.1,32.24,Adelie
174,31.7,16.6,32.30,Adelie
232,55.7,18.1,53.76,Adelie
202,26.3,18.6,42.42,Adelie
191,30.5,19.4,33.78,Gentoo
200,28.6,19.1,51.64,Adelie
156,30.6,14.1,29.61,Adelie
206,20.8,18.1,34.82,Adelie
175,39.1,19.5,34.99,Adelie
178,32.4,15.4,35.05,Adelie
177,35.9,17.5,35.74,Adelie
176,29.9,17.7,34.36,Adelie
185,37.6,16.2,37.62,Gentoo
203,33.3,18.2,37.88,Chinstrap
152,28.8,15.8,27.36,Chinstrap
154,32.3,14.3,30.85,Chinstrap
189,27.2,17.1,37.44,Adelie
205,26.1,18,46.35,Chinstrap
184,33.2,19.9,34.37,Gentoo
288,76.2,20.4,79.74,Gentoo
185,32.1,18.9,25.08,Adelie
247,55.9,20.5,64.91,Gentoo
267,64,22.8,80.26,Gentoo
156,40.8,14.8,29.01,Chinstrap
271,57.9,22.6,67.78,Gentoo
228,52.3,21.8,60.79,Adelie
191,29.6,20.5,39.59,Gentoo
215,45.6,16.6,35.94,Gentoo
189,30.1,20.6,58.62,Gentoo
205,34.3,17.7,43.68,Chinstrap
201,37.5,14.5,49.28,Chinstrap
192,28.2,13.6,41.20,Adelie
283,59.6,19.2,75.65,Gentoo
179,30.9,16.1,37.74,Adelie
188,34.1,16.9,39.86,Gentoo
190,37.5,18.7,37.57,Adelie
169,30.2,19.7,37.05,Adelie
220,27.6,20.7,49.26,Adelie
175,24,18.4,43.09,Gentoo
207,39,24.5,59.68,Gentoo
164,40.1,18.1,44.17,Gentoo
175,25.8,14,30.22,Adelie
207,41.5,16.3,37.07,Gentoo
210,46.4,18.6,52.28,Gentoo
182,26.1,16.8,33.66,Adelie
186,31.9,17.8,37.42,Adelie
193,37.7,13.9,34.65,Adelie
210,53.8,17.8,55.33,Gentoo
195,26,16.1,52.34,Gentoo
209,32.5,18.1,39.65,Gentoo
293,77,20.4,73.99,Gentoo
282,70.4,21.6,74.52,Gentoo
224,48.2,18.6,60.29,Adelie
210,36.2,17.7,52.34,Gentoo
187,35.6,13.5,36.96,Adelie
172,39.1,15.6,33.23,Adelie
289,63.4,20.8,60.08,Adelie
172,28.5,18,38.04,Chinstrap
199,34.2,19.8,53.30,Gentoo
178,34.4,18.5,40.76,Gentoo
258,59.6,22.5,63.17,Adelie
183,23.2,15,38.57,Adelie
183,25.2,14.1,38.93,Adelie
226,55,19.9,59.14,Adelie
207,33.3,20.8,63.17,Adelie
180,33.7,19.3,36.62,Chinstrap
176,33.9,18.8,36.30,Adelie
189,29.8,17.9,48.50,Chinstrap
178,30.8,18.1,41.49,Adelie
222,35.2,15.4,40.16,Adelie
223,31.6,19,60.71,Chinstrap
219,32.2,19.8,44.37,Adelie
195,34,16.5,34.68,Chinstrap
187,26.6,21.7,43.09,Gentoo
185,30.3,21.8,35.30,Adelie
241,47.5,21,56.62,Adelie
184,17.1,19.5,39.66,Adelie
179,32.4,15.1,33.09,Adelie
187,30.9,15.9,34.37,Adelie
165,34.3,18.1,33.66,Adelie
210,60.4,20.4,56.14,Adelie
191,38.4,18,44.82,Chinstrap
199,32.9,15.2,48.54,Adelie
164,37,14.4,27.87,Adelie
262,65.2,22.4,96.51,Gentoo
261,58.3,19.2,59.96,Adelie
241,59.8,16.4,66.58,Gentoo
170,36.1,14.2,28.71,Adelie
277,73.7,20.7,82.69,Gentoo
207,30.6,20.8,48.31,Adelie
179,40.7,19.5,40.55,Gentoo
243,28.3,20.9,61.41,Gentoo
211,35.8,20.4,50.85,Adelie
199,25.7,17.9,37.65,Adelie
196,21.3,17.1,57.37,Adelie
197,31.7,17.1,52.86,Chinstrap
178,27.1,15.8,40.33,Chinstrap
199,44.8,17.2,42.46,Chinstrap
212,57.2,19.7,58.02,Gentoo
188,41.6,13.3,37.61,Adelie
224,58.9,20.1,54.45,Chinstrap
172,26.5,15.7,39.21,Adelie
188,41.7,19.2,40.14,Gentoo
192,34.5,20.3,34.40,Gentoo
197,25,12.7,39.50,Adelie
176,28.1,15.5,30.27,Chinstrap
262,82,24.9,76.13,Gentoo
213,28.8,17.7,43.01,Adelie
200,27.9,15.9,35.76,Adelie
218,24.5,21.7,48.25,Chinstrap
199,37.5,18.7,34.80,Adelie
196,32.8,15.2,42.72,Chinstrap
253,53.8,18.8,71.51,Gentoo
157,27.1,16.9,27.87,Adelie
186,39.3,17.8,33.94,Adelie
168,39.4,19.2,36.24,Gentoo
217,33.7,15.6,34.70,Adelie
216,30.6,20.3,55.39,Adelie
167,31.9,20,45.95,Adelie
203,58.4,20.8,59.65,Gentoo
207,43.2,18.8,52.23,Chinstrap
250,33.4,17.5,54.14,Adelie
186,36.1,17.6,44.11,Gentoo
174,27.3,19,27.59,Adelie
200,33.4,16.1,35.22,Chinstrap
273,65.4,21.2,50.90,Gentoo
175,18.6,15.5,44.22,Chinstrap
203,29.1,16.4,30.00,Adelie
194,26.1,20.3,33.14,Adelie
233,56.9,21.5,84.12,Gentoo
232,50.9,17.3,52.07,Adelie
207,39.1,13.5,35.98,Adelie
182,23.5,20.7,45.84,Gentoo
219,35.2,19.8,58.93,Gentoo
233,52.9,19.5,68.45,Gentoo
216,27.6,13.5,40.96,Adelie
218,24.7,21.2,53.82,Chinstrap
237,51.8,23.2,66.49,Gentoo
182,36.3,19.2,34.14,Adelie
201,34.5,19.3,53.29,Chinstrap
214,31.2,16.9,46.87,Chinstrap
185,27.9,16.6,40.52,Adelie
215,28.9,17.5,43.00,Adelie
189,25.9,16.9,48.10,Gentoo
212,29.1,22.7,45.43,Gentoo
251,41.1,20.7,51.16,Chinstrap
189,34.6,19.5,39.48,Adelie
248,51.6,22.9,62.83,Gentoo
168,38.8,18.4,37.93,Adelie
186,37.1,14.6,39.86,Gentoo
227,46.5,20.8,61.00,Adelie
194,43.5,18.6,43.64,Gentoo
178,23.3,18.4,40.30,Adelie
228,28.8,18.3,58.69,Adelie
203,41.6,14.2,35.99,Gentoo
192,36.2,20.7,51.11,Gentoo
223,29.3,18.8,48.76,Chinstrap
256,49.4,17.4,53.93,Gentoo
207,24.6,20.4,59.41,Chinstrap
196,34.5,15.8,31.99,Chinstrap
202,35.4,17.6,41.23,Gentoo
229,37.1,19.8,56.49,Adelie
194,56.2,16,48.54,Adelie
232,33,18.7,55.54,Gentoo
223,58.9,19.5,71.78,Adelie
166,35.9,14.5,42.16,Adelie
222,64,20.5,66.28,Chinstrap
193,34,19.8,40.01,Gentoo
188,24.2,15.2,26.88,Adelie
221,30.9,16.8,43.35,Adelie
206,30.2,16.1,45.29,Adelie
221,22.7,21.6,39.86,Chinstrap
240,65.2,16.9,67.35,Adelie
204,25.6,19.9,40.66,Adelie
188,28.9,17.6,34.22,Chinstrap
288,54.4,18.8,62.92,Adelie
251,39.7,22.7,81.75,Gentoo
203,52.6,16.6,48.66,Adelie
193,33.5,20.8,49.18,Chinstrap
162,23.3,22.1,41.93,Gentoo
243,33.7,22.4,53.70,Gentoo
201,27,19.1,46.44,Adelie
170,36.1,15.4,34.87,Adelie
201,44.3,19.5,45.50,Adelie
191,31.3,18.4,38.07,Chinstrap
190,30.4,19.1,47.24,Adelie
210,29.3,17.1,40.67,Adelie
155,28.6,16.1,31.13,Adelie
202,37.5,20.1,49.67,Adelie
205,29.1,16.2,46.28,Adelie
195,21.2,20.2,45.93,Adelie
237,52.5,19.3,56.32,Gentoo
197,30,21.8,46.85,Adelie
210,24.1,17.2,44.88,Adelie
186,26.7,16.4,40.40,Adelie
194,41,22.5,52.54,Gentoo
184,43.6,20.2,40.64,Chinstrap
201,43.2,24.2,58.91,Gentoo
208,47.7,19.2,55.60,Chinstrap
217,30.2,17.4,53.49,Adelie
255,48.5,17.4,70.28,Adelie
211,48.1,18.8,56.38,Adelie
208,35.4,17.1,49.74,Chinstrap
255,36.3,16.6,46.88,Adelie
174,19.4,16.5,35.50,Adelie
197,28.5,19.8,38.17,Adelie
205,28.6,25.7,59.20,Gentoo
236,64,22.1,67.43,Gentoo
166,34.5,15.2,30.13,Adelie
227,56,17.5,70.77,Adelie
223,31.7,19.3,57.28,Adelie
239,55,18.4,43.74,Adelie
237,44.4,20.8,54.54,Adelie
232,51.8,18.8,54.98,Chinstrap
182,28.7,13.9,40.00,Adelie
185,39.1,14.4,32.27,Adelie
178,48.6,14.4,38.68,Adelie
201,34.5,19.9,46.84,Adelie
195,29.8,19.7,48.64,Adelie
188,33.8,17.8,35.95,Adelie
239,41.9,21.7,63.26,Adelie
216,33.6,20.9,50.69,Adelie
196,30.5,16.9,46.29,Gentoo
192,35.5,15.9,27.70,Gentoo
210,53.9,16.1,48.96,Adelie
227,34.2,22.1,67.94,Gentoo
286,51.8,20.7,56.93,Chinstrap
198,37.9,13.4,32.56,Gentoo
199,31.8,18.5,62.25,Gentoo
240,25.6,19.5,50.57,Chinstrap
265,55.2,19.9,83.86,Gentoo
184,25.3,18.9,46.45,Chinstrap
275,63.3,19.6,86.18,Gentoo
229,29.4,19.2,52.58,Gentoo
198,36.8,17,46.64,Gentoo
188,36.6,17.3,33.07,Gentoo
199,24,13.8,36.42,Adelie
188,43.3,17.3,36.15,Gentoo
212,29.1,19.6,43.65,Chinstrap
215,33.2,21.6,48.09,Gentoo
171,29.6,21.2,37.96,Chinstrap
231,50.8,20.4,63.23,Gentoo
207,26.8,19.1,45.12,Gentoo
207,43.4,19.5,60.48,Gentoo
181,29.1,19.5,35.89,Adelie
151,22.4,14.1,40.73,Adelie
245,49.9,17,55.55,Gentoo
195,50.8,22.4,59.02,Gentoo
213,39,23,59.01,Gentoo
255,38,18,54.54,Adelie
204,44.4,16.2,45.40,Adelie
237,46.5,16.4,61.46,Adelie
188,20,17.1,37.48,Adelie
200,29.3,20.9,40.71,Adelie
241,29.6,19.5,46.71,Adelie
184,25.7,17.3,48.87,Adelie
221,50.2,19.2,60.41,Adelie
244,50.4,17.1,53.39,Adelie
230,37.9,22.4,58.41,Adelie
247,47.6,15.6,63.43,Gentoo
176,28.8,17.4,34.20,Gentoo
164,25.5,16.1,32.94,Adelie
179,23.5,18.5,42.97,Adelie
273,39.2,22.3,55.50,Chinstrap
221,53.9,17.4,61.51,Gentoo
190,36.8,18,55.68,Chinstrap
191,28.7,19.2,49.37,Gentoo
162,25,11.3,31.38,Adelie
234,32.1,18.9,54.74,Adelie
167,32.4,17.7,27.92,Chinstrap
212,39.9,17,56.85,Gentoo
249,58.7,23.2,70.82,Gentoo
174,26.8,16.4,33.12,Adelie
185,23.3,15.6,45.57,Adelie
185,30.6,12.8,29.23,Adelie
195,32,20.5,46.65,Gentoo
232,52.9,22.9,54.63,Adelie
237,44.1,17.3,48.76,Adelie
194,32.8,15.1,38.99,Adelie
200,24.3,20.3,42.10,Chinstrap
233,63,19.6,67.48,Gentoo
220,56.2,22.8,71.31,Chinstrap
185,34.9,14.9,33.37,Adelie
204,33.2,16.8,45.91,Adelie
170,29.6,17.5,30.26,Chinstrap
195,26.4,19.1,45.02,Adelie
235,56.1,15.6,60.95,Adelie
235,56.9,20.8,63.71,Gentoo
190,40.1,18.3,41.70,Chinstrap
190,31.3,17.8,31.35,Gentoo
185,27.1,15.6,31.22,Adelie
192,31.5,15.6,34.13,Adelie
229,26.9,19.2,48.83,Adelie
160,34.7,16,33.85,Adelie
197,44.8,17.2,44.09,Chinstrap
232,29.2,17.5,49.41,Adelie
191,29.2,12.3,32.20,Adelie
204,28.8,17.9,46.23,Chinstrap
239,49.6,17.5,58.13,Adelie
180,34.3,13.2,33.18,Adelie
185,31.2,16.2,39.72,Adelie
220,53.4,19.1,50.42,Gentoo
236,60.3,19.8,67.57,Gentoo
163,22.2,14.7,29.01,Adelie
203,32.6,15.5,42.32,Gentoo
246,47.2,20,74.85,Chinstrap
192,31.8,17.9,40.31,Chinstrap
190,28.2,16.9,51.50,Adelie
207,50.4,17.2,43.63,Adelie
182,21.3,18.8,49.44,Adelie
186,28.4,19.9,38.77,Adelie
229,30.9,20,46.61,Adelie
203,33.4,18.5,47.67,Adelie
185,26.1,26,54.10,Gentoo
167,30.9,17,30.31,Gentoo
188,41,22.2,42.75,Gentoo
174,34,18,28.09,Adelie
210,34.1,20.4,35.36,Gentoo
204,62.4,24.2,70.23,Gentoo
213,40.3,16.6,39.15,Chinstrap
181,27.3,17.8,47.91,Adelie
172,21.9,17.2,36.15,Adelie
237,54.9,16.3,59.12,Adelie
207,24.1,17.5,45.17,Adelie
270,61.4,22.5,72.87,Gentoo
195,36.3,14,39.24,Adelie
202,34,12.9,47.97,Adelie
214,31.9,21,49.79,Gentoo
183,34,18,39.80,Gentoo
203,28.7,15.2,38.60,Adelie
206,44.6,21.3,53.73,Gentoo
188,38,17.3,35.91,Adelie
178,30.2,17.3,33.43,Adelie
207,30.8,17.5,45.86,Gentoo
164,19.1,17.1,31.33,Adelie
177,24.4,19.2,37.03,Adelie
213,22.1,19.9,40.11,Gentoo
254,37.3,25.4,50.38,Gentoo
308,65.6,22,84.94,Gentoo
230,27.8,22.2,42.48,Chinstrap
184,34.5,18.1,28.67,Gentoo
233,31.1,18,46.07,Adelie
194,31.1,17,44.58,Chinstrap
257,57.5,20.9,67.21,Chinstrap
190,31.6,17.7,36.47,Adelie
223,38.1,20.5,47.37,Chinstrap
180,31.6,17.1,38.30,Chinstrap
213,30.1,20.5,45.72,Chinstrap
184,31.7,16.8,30.99,Chinstrap
211,39.7,18.7,44.09,Chinstrap
175,25.7,16.9,46.65,Adelie
176,32.2,15.9,27.92,Adelie
204,53.4,20.3,45.43,Chinstrap
196,35.4,17.3,40.84,Chinstrap
206,28.7,22.4,56.01,Gentoo
184,25.2,14.1,25.70,Adelie
196,38.9,23,50.88,Adelie
199,31.3,16.5,45.08,Gentoo
168,30.9,11.7,37.82,Adelie
209,30.9,14.9,48.69,Adelie
192,37,18.5,40.10,Chinstrap
162,25.1,17.8,41.26,Adelie
176,28.4,18,39.56,Adelie
168,28.1,17.5,41.53,Gentoo
221,30.5,14.5,47.27,Chinstrap
203,35.1,20.1,51.11,Adelie
248,64,20.9,68.87,Adelie
187,33.2,10.1,32.21,Adelie
174,36.5,18,35.68,Chinstrap
242,55.8,23.9,83.64,Chinstrap
211,36.7,18.4,66.40,Gentoo
190,33.7,15,43.82,Adelie
166,28.4,14.8,31.45,Adelie
175,35.1,17.6,27.77,Adelie
194,60,15.7,44.72,Adelie
297,57.6,21.4,79.94,Gentoo
256,34.6,18.3,56.83,Adelie
182,22.7,22.8,38.73,Gentoo
283,72,24,68.03,Gentoo
218,38.6,19.6,47.32,Adelie
237,70.7,21,79.40,Gentoo
268,69,18.1,76.09,Adelie
192,35,19.9,49.37,Adelie
186,26.7,20,37.45,Chinstrap
192,28.4,18.3,33.46,Chinstrap
235,53.8,21.5,66.56,Adelie
212,32.1,24,61.22,Adelie
212,27.6,18.4,49.81,Gentoo
190,35.5,18.8,36.77,Adelie
202,29.8,21.4,42.15,Adelie
183,22.1,15.8,38.70,Adelie
220,58.7,18.8,57.45,Adelie
167,28.8,16.4,32.78,Chinstrap
148,34.7,17.6,26.61,Adelie
207,48.5,20.3,46.45,Chinstrap
192,30.6,14,39.64,Chinstrap
218,37.6,16.7,53.72,Adelie
215,31.8,20.4,55.43,Gentoo
244,59.3,15.9,62.04,Gentoo
191,28.4,17.8,34.89,Chinstrap
213,27.2,18.9,41.17,Adelie
245,71,25,66.04,Gentoo
203,29.4,18.3,54.15,Gentoo
216,29.7,19.8,56.05,Gentoo
246,60.6,21.1,64.30,Adelie
210,56,17.4,43.12,Adelie
177,34.2,17.5,29.97,Adelie
156,25.1,15.8,30.45,Adelie
192,23,18.1,51.10,Adelie
203,21.4,16.9,43.66,Adelie
223,61.7,19.4,55.11,Adelie
209,68.8,19.5,65.67,Gentoo
166,19.8,17.6,37.13,Adelie
161,29.9,18.6,29.27,Adelie
186,48.2,18.3,45.57,Gentoo
189,35,14.8,38.03,Chinstrap
186,27.9,14.4,39.96,Adelie
178,26.3,17.8,43.79,Gentoo
235,40.5,19.5,50.74,Gentoo
209,39.5,20.6,45.53,Adelie
188,40.4,16.4,46.62,Adelie
212,37.1,15.6,40.58,Gentoo
257,46.1,18.8,70.77,Gentoo
202,31.1,18.2,45.02,Gentoo
201,33.6,17.6,38.39,Chinstrap
178,29.8,16.9,36.82,Adelie
202,34.9,16.2,35.71,Adelie
172,36.1,15.2,27.51,Adelie
194,32.5,16.9,37.40,Gentoo
197,27.4,20.8,43.86,Gentoo
284,49,20.9,63.41,Gentoo
219,37.4,21,51.13,Adelie
183,36.7,16.1,39.35,Adelie
167,32.5,15.4,29.14,Adelie
155,34.3,16.9,30.84,Gentoo
201,26.6,13.8,32.46,Adelie
154,32.9,15.9,35.17,Chinstrap
188,38.8,16.7,43.62,Gentoo
201,26.4,16.7,46.44,Adelie
240,45,15.2,55.83,Chinstrap
216,26.7,17.7,54.31,Adelie
244,58.1,20.1,55.67,Adelie
193,32.3,21.1,51.18,Chinstrap
184,29,19,39.77,Adelie
225,27.8,21.6,50.63,Adelie
190,41.9,17.1,40.40,Chinstrap
178,33.4,20.6,54.01,Adelie
233,57.7,19.1,55.15,Adelie
203,27.4,13.7,29.54,Adelie
218,37.5,15.3,58.63,Gentoo
188,23.4,17,49.34,Adelie
184,24.2,16.4,39.20,Adelie
206,35.9,21,58.52,Gentoo
214,50.2,18.7,57.33,Gentoo
169,39.9,16.5,29.80,Chinstrap
195,20.5,23.8,48.40,Gentoo
193,31.8,17.5,31.45,Adelie
207,26.4,13.6,36.53,Adelie
186,39.8,15,31.55,Gentoo
193,37.2,16.8,37.94,Chinstrap
177,27.1,15.9,30.24,Chinstrap
194,29.5,20.2,57.81,Chinstrap
201,28.7,18,49.24,Adelie
180,41.6,18.7,33.06,Gentoo
235,25.9,19.2,46.98,Adelie
238,40.6,26.3,57.25,Gentoo
218,45.1,24.5,56.31,Gentoo
246,50.6,16.9,63.68,Adelie
302,73.5,18.6,73.75,Gentoo
245,47.8,13.8,64.39,Adelie
246,48,20,51.18,Gentoo
236,35.7,17.7,51.66,Adelie
182,32.5,20,32.12,Gentoo
233,30.2,18.1,47.37,Adelie
225,43.2,18.4,53.63,Gentoo
192,34.5,19,44.47,Adelie
163,25.4,21,44.11,Gentoo
235,50.9,18.5,54.69,Chinstrap
260,57.2,18.2,67.81,Gentoo
272,69.3,20,85.15,Gentoo
239,33.5,18.8,63.13,Adelie
199,22.8,17.2,42.72,Adelie
196,33.1,11.8,40.43,Adelie
193,31.6,18.8,50.04,Gentoo
181,24,22.5,44.36,Gentoo
212,44.8,19.6,52.20,Gentoo
275,67.6,21.3,62.09,Gentoo
220,60.4,15.1,70.61,Chinstrap
213,32.3,19.7,43.43,Adelie
237,38.4,19.7,64.81,Gentoo
180,18.8,16.8,38.46,Gentoo
242,52.3,23.4,62.00,Gentoo
183,29.2,14.9,29.11,Adelie
246,62.9,16.4,64.23,Chinstrap
223,54.7,18.3,53.36,Gentoo
213,32.6,16,44.99,Gentoo
220,62.8,20,56.30,Gentoo
184,33.1,18.3,46.22,Chinstrap
177,29.4,17.7,37.14,Chinstrap
276,63.4,22,74.91,Gentoo
222,33.1,20.2,43.05,Adelie
241,34.8,24.6,51.67,Gentoo
268,63.2,21.3,71.72,Adelie
190,26,17,51.38,Adelie
185,31.5,15.3,44.20,Gentoo
248,58.7,22.6,53.59,Gentoo
181,24.5,16.3,34.53,Adelie
150,36.1,18.2,30.68,Adelie
209,28.7,16.9,44.89,Adelie
186,34,18.7,42.15,Adelie
268,51.7,19.1,10.309,Gentoo
231,44,13.6,44.87,Adelie
193,29.9,17.7,43.31,Gentoo
264,71.9,19.4,80.13,Gentoo
218,52.3,21,55.31,Adelie
270,52.6,21.7,67.71,Gentoo
203,27.2,20.9,40.07,Adelie
231,51.3,23.3,55.36,Gentoo
212,44.7,20.5,54.56,Gentoo
212,35.8,19.7,40.65,Gentoo
232,48.2,17.5,57.73,Adelie
150,26.3,13.9,29.95,Adelie
230,37.7,14.2,58.10,Adelie
186,46.4,17.8,56.04,Chinstrap
224,20,15.5,50.46,Adelie
168,30.2,16.6,44.14,Chinstrap
255,37,19,70.26,Gentoo
242,61.8,19.9,67.12,Chinstrap
166,24.6,14.9,32.86,Adelie
189,29.6,21.4,44.84,Adelie
167,21.8,18.6,35.63,Adelie
246,30.9,20.6,49.95,Chinstrap
190,31.4,15,30.22,Chinstrap
235,64.7,21.4,76.87,Adelie
229,31.9,17.4,68.76,Adelie
166,29.1,17.2,41.88,Chinstrap
212,63.9,20.6,48.24,Chinstrap
197,41.2,16.8,42.41,Gentoo
205,33.7,18.7,44.80,Gentoo
201,24.5,18.1,44.41,Adelie
166,31.3,20.5,43.47,Adelie
277,63.9,16.5,61.47,Adelie
173,28.7,14.1,30.90,Adelie
272,47.2,18.7,94.40,Gentoo
184,31.6,18.4,37.15,Chinstrap
244,66.9,24.3,60.27,Gentoo
179,21.3,16.8,36.31,Adelie
234,58.9,18.2,51.48,Adelie
195,32.4,17.6,43.25,Adelie
191,26.3,20.9,35.98,Gentoo
211,28.9,19.8,55.48,Gentoo
189,30.3,17.1,37.15,Adelie
300,57,20.9,83.87,Gentoo
193,31.7,15.1,35.26,Adelie
177,28.2,14.4,43.12,Adelie
210,45.4,19.2,51.62,Adelie
212,54,23.7,52.73,Chinstrap
186,33.4,15.8,38.17,Gentoo
178,32.4,16.4,34.30,Chinstrap
202,31.2,20.9,52.21,Chinstrap
227,56.9,21.8,75.28,Gentoo
299,59.3,20.4,72.12,Chinstrap
233,40.4,20.4,60.75,Chinstrap
242,55.7,18.9,69.80,Gentoo
220,39.6,19.9,80.32,Gentoo
248,54.2,16.8,57.31,Adelie
202,20.7,20.1,37.17,Adelie
229,44.9,22.5,54.99,Adelie
185,30.2,14.6,39.64,Chinstrap
201,29.1,21.2,41.50,Chinstrap
195,16.3,12.6,35.15,Adelie
229,62.5,15.7,46.86,Gentoo
213,58.8,22.4,56.40,Chinstrap
192,33.2,15.4,47.39,Gentoo
250,58.2,19.3,48.22,Gentoo
211,56.3,18.5,54.16,Adelie
195,36.1,18.9,46.48,Adelie
254,65.9,23.8,63.18,Adelie
190,25.9,15.8,40.50,Adelie
226,53.8,19.4,49.27,Gentoo
215,31.6,19.5,52.51,Gentoo
174,22.3,16.3,38.31,Adelie
174,27,14.3,30.10,Adelie
194,26.9,17.3,44.06,Adelie
199,25.7,16.2,34.90,Adelie
179,27.1,13.7,34.71,Adelie
173,30.9,14.5,31.67,Adelie
215,20.9,17.2,48.20,Adelie
263,62,18.1,53.04,Adelie
189,29.6,16.1,38.31,Gentoo
270,61.4,19.9,67.22,Adelie
197,32.4,17.6,44.75,Adelie
223,65,18.8,57.37,Gentoo
224,40.4,17.1,48.11,Chinstrap
206,43.5,17.9,47.07,Adelie
211,43.4,17.8,43.98,Gentoo
203,22.7,14.5,35.60,Chinstrap
247,55.3,21.9,82.05,Gentoo
259,34.8,21,60.64,Adelie
221,36,18.1,65.74,Adelie
222,35.3,22.9,51.09,Gentoo
250,57.7,22.2,72.81,Gentoo
154,27.3,13.1,36.74,Adelie
160,34.1,15.6,31.73,Adelie
255,70.1,21.4,74.56,Gentoo
176,34.2,14.8,34.20,Gentoo
219,46.9,23.5,62.84,Adelie
188,32.7,17.7,36.68,Adelie
226,55.7,16.6,53.88,Adelie
188,36.3,19.4,42.84,Gentoo
149,20.2,18.1,30.82,Adelie
170,35.9,13.9,31.25,Adelie
195,37.7,16.4,35.11,Adelie
202,54.5,20.9,54.62,Chinstrap
259,60.5,19.7,66.32,Gentoo
197,32.7,21.5,47.11,Gentoo
189,28.5,16.1,35.53,Gentoo
196,27.1,17.9,42.60,Adelie
183,24,13.7,32.72,Chinstrap
183,45.6,18.3,43.67,Gentoo
212,25.6,19.8,59.14,Adelie
229,25.9,17.3,46.32,Adelie
192,28.3,15.4,45.02,Chinstrap
223,34.2,18.1,45.84,Adelie
189,26.2,17.2,50.80,Chinstrap
214,37.7,23.8,62.80,Adelie
189,24.4,18.4,52.01,Adelie
233,26.4,22.2,46.07,Gentoo
181,29,14.4,36.59,Adelie
156,19.6,18.5,41.19,Adelie
176,32.3,10.8,40.73,Adelie
175,29,13.3,35.00,Adelie
230,63.9,18.1,56.40,Adelie
187,37.5,15.2,33.40,Adelie
191,20.1,19,42.60,Gentoo
235,73.9,21.2,54.61,Gentoo
234,60.2,18.4,50.35,Gentoo
251,44,20.6,60.21,Chinstrap
236,30.9,20.9,66.74,Gentoo
234,44.6,23.3,64.03,Chinstrap
264,49.9,18.9,53.84,Gentoo
204,27,18.7,54.42,Chinstrap
198,31.1,15,31.30,Chinstrap
240,33.1,20.2,55.81,Adelie
192,19.8,20,39.45,Adelie
169,27.7,13.5,34.67,Adelie
184,30.9,17.6,46.03,Chinstrap
205,35.3,17.3,41.25,Gentoo
179,30.8,16.2,34.23,Gentoo
182,28.2,13.8,29.96,Chinstrap
211,46.3,18,50.85,Adelie
201,58.3,21.7,65.06,Gentoo
158,19.5,16.4,31.50,Adelie
165,28.2,11.4,27.49,Chinstrap
262,57.7,24.7,76.76,Gentoo
188,27,15.2,47.62,Adelie
186,25.6,12.2,45.08,Adelie
175,32.4,16.8,43.66,Gentoo
170,29.8,13.2,31.15,Gentoo
203,26.8,19.1,48.52,Chinstrap
179,27.8,12.5,31.14,Adelie
206,25.8,21.5,44.75,Adelie
181,31.3,12,28.31,Chinstrap
223,25.2,15.5,45.37,Chinstrap
180,29.3,17.8,46.31,Adelie
194,32,17.1,42.86,Chinstrap
186,36.2,16.8,28.74,Gentoo
202,26.6,19,34.03,Adelie
257,54.5,20,66.28,Chinstrap
211,30.9,19.8,48.87,Chinstrap
198,29.8,23.4,38.42,Adelie
166,25.9,20.2,39.80,Chinstrap
237,54.9,19.3,54.24,Adelie
225,52.4,17.7,46.18,Gentoo
183,29.4,15.3,39.84,Adelie
183,37.9,15.7,32.57,Adelie
179,22.4,19.3,37.83,Adelie
210,57,16.3,43.97,Adelie
273,75.2,20.5,61.00,Gentoo
195,34.5,14.7,35.39,Adelie
201,32.8,20.8,50.65,Chinstrap
252,50.6,18.5,76.40,Gentoo
209,32.4,16.4,41.57,Chinstrap
187,37.8,13.4,31.56,Adelie
204,28.7,20.3,46.90,Gentoo
244,53.1,18.8,73.99,Adelie
238,27.7,21.5,55.42,Chinstrap
200,35.7,16.4,46.78,Adelie
226,48.2,18.3,47.70,Adelie
274,60.5,25.7,69.07,Gentoo
284,49.2,21.3,63.46,Adelie
179,23,14.7,31.06,Adelie
247,47.9,17.8,70.17,Gentoo
219,69,17.5,71.04,Gentoo
271,63.2,22.4,54.96,Adelie
206,33.4,21.4,51.89,Chinstrap
211,49.6,22.5,56.84,Adelie
209,40.6,18,51.21,Adelie
255,52.4,14.5,54.09,Adelie
182,32.8,11.6,35.72,Adelie
230,30.9,18.4,59.74,Chinstrap
232,55.8,21.6,63.49,Gentoo
187,26.1,23.3,47.64,Adelie
181,26.8,17.4,38.75,Adelie
239,42.6,22.1,47.72,Adelie
215,48.7,17.3,54.66,Chinstrap
249,39.2,17.3,61.75,Adelie
261,59.9,21.2,77.95,Gentoo
183,29.5,17.3,39.06,Gentoo
175,23.4,18.7,40.30,Adelie
198,37.4,19.8,52.29,Gentoo
250,43,20.9,50.48,Adelie
192,36,15.1,27.03,Adelie
245,50.7,21,65.37,Gentoo
194,28.9,18.6,38.13,Gentoo
245,33.2,19.1,61.43,Gentoo
227,63,19.4,58.93,Gentoo
284,68.6,18,74.23,Gentoo
243,36.3,25.7,62.87,Gentoo
189,27.4,15.5,36.64,Adelie
184,30.2,15.4,37.61,Adelie
209,44.1,21.6,58.77,Gentoo
200,29.6,19.3,43.42,Adelie
236,51,22.3,58.42,Gentoo
186,35.5,16.2,32.40,Gentoo
195,30.8,23.5,45.80,Gentoo
175,21.7,18.5,39.38,Chinstrap
185,38,17.4,41.61,Adelie
228,45,19.2,62.17,Gentoo
167,18.2,13.5,34.89,Adelie
169,19.3,18.9,42.04,Adelie
179,18.3,18.4,36.45,Adelie
212,65.8,20.4,51.22,Gentoo
195,38.9,21.9,39.94,Adelie
198,51,18.5,50.05,Adelie
175,40.8,14.1,46.79,Adelie
225,64.3,16.4,63.89,Gentoo
211,25,14.4,44.40,Adelie
206,28.5,15.4,46.92,Adelie
267,53.7,18.7,77.53,Gentoo
178,33.9,15.2,33.56,Adelie
156,23.7,13.2,30.24,Adelie
169,39.6,17,30.44,Chinstrap
181,32.4,17,32.93,Chinstrap
267,23.3,21.5,62.98,Chinstrap
208,24.9,21.2,51.16,Adelie
230,66.2,18.2,57.36,Gentoo
272,81.6,23.6,71.76,Gentoo
192,29.2,19.6,38.59,Chinstrap
166,24.3,17.4,28.71,Adelie
177,37.5,14.7,27.56,Adelie
179,38.9,13.2,45.15,Chinstrap
178,41.1,15.3,36.61,Gentoo
187,40.9,16.4,38.40,Chinstrap
190,25.4,16.7,38.78,Chinstrap
177,43.1,16.2,37.40,Adelie
203,24.1,19.1,45.42,Adelie
199,25.2,12.9,29.27,Adelie
197,54,16.5,42.35,Gentoo
224,47.2,20.2,55.56,Adelie
213,40.9,18.8,56.92,Adelie
177,25.1,14.5,37.73,Adelie
211,54.6,21.7,54.87,Gentoo
168,23.4,15.2,30.34,Adelie
230,54.7,17.8,43.27,Gentoo
217,59.8,17.4,43.67,Adelie
227,39,22.8,71.05,Gentoo
191,36.7,16.5,28.98,Adelie
207,32,23.9,52.86,Adelie
244,48.9,24.6,60.83,Gentoo
190,16.8,20.7,46.78,Gentoo
179,37.4,11.1,34.62,Adelie
195,22.8,23.5,31.56,Adelie
158,40.3,14.8,30.40,Adelie
190,38.7,17.4,32.49,Gentoo
171,21,18.7,44.02,Adelie
195,28.8,22,43.12,Adelie
233,29.9,18.4,43.02,Chinstrap
218,46.5,23.2,51.88,Gentoo
214,48.9,23.3,53.53,Gentoo
149,30.4,15.8,38.52,Gentoo
190,30.9,15,36.35,Adelie
195,22.4,18.1,42.35,Adelie
202,69.7,21.9,75.22,Gentoo
212,40.7,16.1,35.30,Chinstrap
183,36.2,16.5,33.18,Gentoo
181,25.7,19.6,42.30,Adelie
167,38.5,14.3,30.75,Adelie
179,32.8,16.3,31.11,Chinstrap
213,43.7,23.2,57.79,Adelie
203,32.6,19.5,39.56,Gentoo
181,40.2,15,28.19,Chinstrap
188,65.6,22.1,49.10,Gentoo
197,28.6,18.6,49.12,Adelie
191,34,16.6,42.99,Adelie
219,49.5,17.2,45.45,Adelie
258,64,23.3,56.97,Gentoo
238,55.4,18,74.92,Gentoo
217,45.1,16.3,46.63,Adelie
204,30.4,22.3,63.24,Gentoo
259,66.5,24,67.11,Gentoo
187,31.6,17.5,29.50,Adelie
179,30.6,10.9,39.05,Adelie
234,62.4,20,76.34,Gentoo
219,24.9,15.8,44.73,Adelie
209,38.8,19.4,50.47,Adelie
231,27.4,21.4,49.68,Gentoo
246,66,16.4,48.19,Adelie
234,35.7,19.2,64.38,Gentoo
171,31.5,15.4,35.28,Chinstrap
239,61.3,20.7,63.23,Gentoo
178,26.9,16.9,27.30,Adelie
194,27,17.3,39.73,Adelie
212,33.1,21.4,53.07,Adelie
167,33.4,14.9,29.56,Adelie
204,37,15.5,43.11,Gentoo
292,75.2,21.1,72.19,Gentoo
223,43.5,22.2,51.81,Adelie
173,31.4,18,39.46,Chinstrap
217,30.6,16.6,43.98,Gentoo
214,56.1,17,48.89,Adelie
242,52,16.2,59.55,Gentoo
254,60.8,22.9,84.89,Gentoo
250,56.9,24.1,57.29,Gentoo
188,36.5,18.2,46.57,Adelie
214,34.8,20.8,49.12,Gentoo
253,29,22.5,55.38,Chinstrap
204,35.7,18.1,39.59,Chinstrap